yr,m,i,value
2008,trn,ppd,12.272577772308502
2009,trn,ppd,9.602496345885982
2005,trn,ppd,9.423831413186685
2006,trn,ppd,10.123942712140375
2012,trn,ppd,12.399974257128967
2014,trn,ppd,13.04760421325875
2013,trn,ppd,12.78131813375518
1999,trn,ppd,6.192902969464669
2002,trn,ppd,8.268722210909496
2017,trn,ppd,12.27905429865401
2016,trn,ppd,11.0808990558392
2015,trn,ppd,11.355158732416156
1998,trn,ppd,6.209706808043615
2004,trn,ppd,8.83786099740627
2000,trn,ppd,4.099364460998569
1997,trn,ppd,6.935311106020097
2007,trn,ppd,11.218119107942377
2010,trn,ppd,10.760691496895348
2003,trn,ppd,8.627565207183874
2011,trn,ppd,12.07983296274243
2001,trn,ppd,8.678646589916841
2008,trd,ppd,34.903781125672126
2009,trd,ppd,34.00556095080194
2005,trd,ppd,31.13335728587928
2006,trd,ppd,32.24198436312276
2012,trd,ppd,39.87366492993971
2014,trd,ppd,42.49755110881155
2013,trd,ppd,41.64590490936943
1999,trd,ppd,24.380339342633278
2002,trd,ppd,27.637776381485235
2017,trd,ppd,45.32435562378297
2016,trd,ppd,43.83021097042142
2015,trd,ppd,43.63973939033523
1998,trd,ppd,22.873380016437544
2004,trd,ppd,29.29566111480476
2000,trd,ppd,26.091319678939374
1997,trd,ppd,22.1181545416505
2007,trd,ppd,34.774781329452
2010,trd,ppd,36.71427056511151
2003,trd,ppd,27.717752755022943
2011,trd,ppd,38.690809944232015
2001,trd,ppd,26.04071815920684
2008,trn,res,-9.974935060845233e-9
2009,trn,res,-9.974935746425311e-9
2005,trn,res,-9.974934802002248e-9
2006,trn,res,-9.974934848004402e-9
2012,trn,res,-9.990907399445417e-9
2014,trn,res,-9.990907511650452e-9
2013,trn,res,-9.990907561760306e-9
1999,trn,res,-9.974934491982278e-9
2002,trn,res,-9.990906746312107e-9
2017,trn,res,-9.990907450130596e-9
2016,trn,res,-9.974936454588816e-9
2015,trn,res,-9.974936459082695e-9
1998,trn,res,-9.974935276126374e-9
2004,trn,res,-9.97493449908427e-9
2000,trn,res,-9.99090696239519e-9
1997,trn,res,-9.974936504100948e-9
2007,trn,res,-9.974934616265604e-9
2010,trn,res,-9.974935044058143e-9
2003,trn,res,-9.990906837076095e-9
2011,trn,res,-9.974935028661356e-9
2001,trn,res,-9.990906910082198e-9
2008,trd,res,-9.97493950921412e-9
2009,trd,res,-9.97494006747065e-9
2005,trd,res,-9.974939308641834e-9
2006,trd,res,-9.974939259484484e-9
2012,trd,res,-9.990908496738247e-9
2014,trd,res,-9.99090848475277e-9
2013,trd,res,-9.990908493076527e-9
1999,trd,res,-9.974938864890523e-9
2002,trd,res,-9.990908412514436e-9
2017,trd,res,-9.990908412884813e-9
2016,trd,res,-9.974939159020295e-9
2015,trd,res,-9.974939173153232e-9
1998,trd,res,-9.974938898209745e-9
2004,trd,res,-9.974939177909745e-9
2000,trd,res,-9.990908404404401e-9
1997,trd,res,-9.97493882552817e-9
2007,trd,res,-9.974939139161368e-9
2010,trd,res,-9.97493929026642e-9
2003,trd,res,-9.990908435834064e-9
2011,trd,res,-9.974939285137578e-9
2001,trd,res,-9.99090856305554e-9
2008,trn,com,-9.97493515203073e-9
2009,trn,com,-9.974935666049835e-9
2005,trn,com,-9.974934724006867e-9
2006,trn,com,-9.974934768934765e-9
2012,trn,com,-9.990907381785228e-9
2014,trn,com,-9.990907494286497e-9
2013,trn,com,-9.990907543066545e-9
1999,trn,com,-9.974934696591183e-9
2002,trn,com,-9.990906712326321e-9
2017,trn,com,-9.990907438434287e-9
2016,trn,com,-9.974936409134811e-9
2015,trn,com,-9.974936418226481e-9
1998,trn,com,-9.974935225338323e-9
2004,trn,com,-9.974934410326262e-9
2000,trn,com,-9.990907511528765e-9
1997,trn,com,-9.974936446018843e-9
2007,trn,com,-9.97493456987942e-9
2010,trn,com,-9.974934979781637e-9
2003,trn,com,-9.990906807639223e-9
2011,trn,com,-9.974935007333614e-9
2001,trn,com,-9.990906996200803e-9
2008,trd,com,-9.974939600367254e-9
2009,trd,com,-9.974939987122886e-9
2005,trd,com,-9.974939230674498e-9
2006,trd,com,-9.974939180442678e-9
2012,trd,com,-9.99090847908232e-9
2014,trd,com,-9.990908467392533e-9
2013,trd,com,-9.990908474386594e-9
1999,trd,com,-9.974939069428042e-9
2002,trd,com,-9.990908378541104e-9
2017,trd,com,-9.99090840119098e-9
2016,trd,com,-9.974939113576097e-9
2015,trd,com,-9.974939132305865e-9
1998,trd,com,-9.974938847436373e-9
2004,trd,com,-9.974939089184869e-9
2000,trd,com,-9.990908953363827e-9
1997,trd,com,-9.974938767456826e-9
2007,trd,com,-9.97493909279192e-9
2010,trd,com,-9.974939226011689e-9
2003,trd,com,-9.990908406407542e-9
2011,trd,com,-9.974939263817079e-9
2001,trd,com,-9.990908649142839e-9
2008,trn,amb,-9.97493505661733e-9
2009,trn,amb,-9.974935871168118e-9
2005,trn,amb,-9.974934890276327e-9
2006,trn,amb,-9.974934930765152e-9
2012,trn,amb,-9.990907430398173e-9
2014,trn,amb,-9.990907539578819e-9
2013,trn,amb,-9.990907588850047e-9
1999,trn,amb,-9.974934565931196e-9
2002,trn,amb,-9.990906764025278e-9
2017,trn,amb,-9.990907479992366e-9
2016,trn,amb,-9.974936526455186e-9
2015,trn,amb,-9.974936524079388e-9
1998,trn,amb,-9.974935350405947e-9
2004,trn,amb,-9.974934590602056e-9
2000,trn,amb,-9.990906976298486e-9
1997,trn,amb,-9.974936577319354e-9
2007,trn,amb,-9.97493467714072e-9
2010,trn,amb,-9.9749351286359e-9
2003,trn,amb,-9.990906867924432e-9
2011,trn,amb,-9.974935095719058e-9
2001,trn,amb,-9.990906938650461e-9
2008,trd,amb,-9.974939504987718e-9
2009,trd,amb,-9.974940192170448e-9
2005,trd,amb,-9.974939396884173e-9
2006,trd,amb,-9.974939342216106e-9
2012,trd,amb,-9.990908527683532e-9
2014,trd,amb,-9.99090851267516e-9
2013,trd,amb,-9.990908520160718e-9
1999,trd,amb,-9.97493893881364e-9
2002,trd,amb,-9.990908430221117e-9
2017,trd,amb,-9.990908442740259e-9
2016,trd,amb,-9.974939230871157e-9
2015,trd,amb,-9.974939238135847e-9
1998,trd,amb,-9.974938972467853e-9
2004,trd,amb,-9.974939269393368e-9
2000,trd,amb,-9.990908418303287e-9
1997,trd,amb,-9.974938898733014e-9
2007,trd,amb,-9.974939200014517e-9
2010,trd,amb,-9.974939374815524e-9
2003,trd,amb,-9.990908466671555e-9
2011,trd,amb,-9.974939352172508e-9
2001,trd,amb,-9.990908591613418e-9
2008,trn,fbp,24.445169928453957
2009,trn,fbp,21.555310241432867
2005,trn,fbp,16.285066725745132
2006,trn,fbp,20.364208131470107
2012,trn,fbp,26.420749172101136
2014,trn,fbp,28.95314055302325
2013,trn,fbp,26.927674603250175
1999,trn,fbp,12.015605432254794
2002,trn,fbp,15.58514846304145
2017,trn,fbp,26.597172301576506
2016,trn,fbp,25.847878974495398
2015,trn,fbp,25.690577929437076
1998,trn,fbp,11.111896322542432
2004,trn,fbp,14.414142133263537
2000,trn,fbp,12.461430727643961
1997,trn,fbp,10.482115687956828
2007,trn,fbp,22.843520893426593
2010,trn,fbp,23.46108573154561
2003,trn,fbp,15.54223996153009
2011,trn,fbp,25.614462960744472
2001,trn,fbp,13.781563177550545
2008,trd,fbp,326.44568809682846
2009,trd,fbp,320.4337616492772
2005,trd,fbp,283.7703441428108
2006,trd,fbp,298.59516916097465
2012,trd,fbp,380.29992492745714
2014,trd,fbp,407.43274338671296
2013,trd,fbp,395.8705646080749
1999,trd,fbp,214.70544229747176
2002,trd,fbp,243.56661530051238
2017,trd,fbp,456.2924257896116
2016,trd,fbp,431.9825415129763
2015,trd,fbp,427.4493173553404
1998,trd,fbp,202.5117947888943
2004,trd,fbp,270.4636111711789
2000,trd,fbp,223.5555247871197
1997,trd,fbp,198.85321353984227
2007,trd,fbp,316.6925807510423
2010,trd,fbp,343.81442470259225
2003,trd,fbp,262.9035971125044
2011,trd,fbp,357.6672355571216
2001,trd,fbp,233.5910282060426
2008,trn,rec,-9.974935029790715e-9
2009,trn,rec,-9.974935721148328e-9
2005,trn,rec,-9.974934793465492e-9
2006,trn,rec,-9.974934858869877e-9
2012,trn,rec,-9.990907375147096e-9
2014,trn,rec,-9.990907484406713e-9
2013,trn,rec,-9.990907531538044e-9
1999,trn,rec,-9.974934487313957e-9
2002,trn,rec,-9.990906739543965e-9
2017,trn,rec,-9.990907426653677e-9
2016,trn,rec,-9.97493637861735e-9
2015,trn,rec,-9.974936395901741e-9
1998,trn,rec,-9.974935285877576e-9
2004,trn,rec,-9.974934517149417e-9
2000,trn,rec,-9.990906958541263e-9
1997,trn,rec,-9.974936474310724e-9
2007,trn,rec,-9.974934604983992e-9
2010,trn,rec,-9.974935019767856e-9
2003,trn,rec,-9.990906836331323e-9
2011,trn,rec,-9.97493496278212e-9
2001,trn,rec,-9.990906917021461e-9
2008,trd,rec,-9.974939478170621e-9
2009,trd,rec,-9.974940042202382e-9
2005,trd,rec,-9.974939300108148e-9
2006,trd,rec,-9.974939270346136e-9
2012,trd,rec,-9.99090847244579e-9
2014,trd,rec,-9.990908457514863e-9
2013,trd,rec,-9.990908462860456e-9
1999,trd,rec,-9.97493886022383e-9
2002,trd,rec,-9.990908405748773e-9
2017,trd,rec,-9.990908389412865e-9
2016,trd,rec,-9.974939083065221e-9
2015,trd,rec,-9.974939109985961e-9
1998,trd,rec,-9.97493890795813e-9
2004,trd,rec,-9.974939195968148e-9
2000,trd,rec,-9.990908400551695e-9
1997,trd,rec,-9.974938795743466e-9
2007,trd,rec,-9.974939127883825e-9
2010,trd,rec,-9.974939265984362e-9
2003,trd,rec,-9.990908435089553e-9
2011,trd,rec,-9.974939219280715e-9
2001,trd,rec,-9.990908569992282e-9
2008,trn,con,-9.974935009149136e-9
2009,trn,con,-9.974935676814147e-9
2005,trn,con,-9.974934860048398e-9
2006,trn,con,-9.974934906194804e-9
2012,trn,con,-9.990907406733945e-9
2014,trn,con,-9.990907516171657e-9
2013,trn,con,-9.990907566513343e-9
1999,trn,con,-9.974934449691557e-9
2002,trn,con,-9.99090674928759e-9
2017,trn,con,-9.990907457689378e-9
2016,trn,con,-9.974936469473852e-9
2015,trn,con,-9.974936475843525e-9
1998,trn,con,-9.974935225407356e-9
2004,trn,con,-9.97493455680198e-9
2000,trn,con,-9.990906943058965e-9
1997,trn,con,-9.97493643838311e-9
2007,trn,con,-9.974934660646365e-9
2010,trn,con,-9.974935073055633e-9
2003,trn,con,-9.990906853512878e-9
2011,trn,con,-9.974935044089043e-9
2001,trn,con,-9.990906903616095e-9
2008,trd,con,-9.97493945753637e-9
2009,trd,con,-9.974939997883485e-9
2005,trd,con,-9.974939366667115e-9
2006,trd,con,-9.974939317654405e-9
2012,trd,con,-9.990908504025015e-9
2014,trd,con,-9.990908489273008e-9
2013,trd,con,-9.99090849782859e-9
1999,trd,con,-9.974938822614556e-9
2002,trd,con,-9.990908415488828e-9
2017,trd,con,-9.990908420441993e-9
2016,trd,con,-9.974939173902118e-9
2015,trd,con,-9.97493918991043e-9
1998,trd,con,-9.974938847505385e-9
2004,trd,con,-9.97493923560591e-9
2000,trd,con,-9.990908385074309e-9
1997,trd,con,-9.974938759822506e-9
2007,trd,con,-9.974939183526113e-9
2010,trd,con,-9.974939319254085e-9
2003,trd,con,-9.990908452265067e-9
2011,trd,con,-9.974939300560027e-9
2001,trd,con,-9.990908556591787e-9
2008,trn,agr,40.67978184349723
2009,trn,agr,39.84633428432183
2005,trn,agr,32.82712916980814
2006,trn,agr,35.05441692083976
2012,trn,agr,50.212023780854096
2014,trn,agr,50.58599320656658
2013,trn,agr,48.953218723773034
1999,trn,agr,21.53582931477452
2002,trn,agr,17.835628180285198
2017,trn,agr,59.049809287171925
2016,trn,agr,61.00985717927998
2015,trn,agr,58.69870241432444
1998,trn,agr,21.82603952017987
2004,trn,agr,28.604421540779033
2000,trn,agr,21.92022106594624
1997,trn,agr,21.620837868146108
2007,trn,agr,36.05060684397674
2010,trn,agr,41.561093017458944
2003,trn,agr,21.81541500854133
2011,trn,agr,44.42364468713597
2001,trn,agr,20.238740805762234
2008,trd,agr,63.40347839677348
2009,trd,agr,59.26996387827996
2005,trd,agr,52.77183651076335
2006,trd,agr,57.01727424002939
2012,trd,agr,74.6627147236689
2014,trd,agr,84.9232654398509
2013,trd,agr,81.58393229503348
1999,trd,agr,41.64791991801027
2002,trd,agr,47.164037328857106
2017,trd,agr,90.28703791304287
2016,trd,agr,85.42929631807993
2015,trd,agr,85.18184599947361
1998,trd,agr,38.32673497498003
2004,trd,agr,51.402216635175705
2000,trd,agr,43.918845376998846
1997,trd,agr,38.06704377094598
2007,trd,agr,62.3339026835475
2010,trd,agr,67.61055665486332
2003,trd,agr,49.563957712251714
2011,trd,agr,73.1660739426095
2001,trd,agr,45.37433105236055
2008,trn,eec,7.362993910260948
2009,trn,eec,5.2953815059070015
2005,trn,eec,6.590329736912914
2006,trn,eec,7.0869035549313715
2012,trn,eec,6.930027861156178
2014,trn,eec,8.324058538143499
2013,trn,eec,7.43036224516888
1999,trn,eec,4.357195475518801
2002,trn,eec,4.372068033645474
2017,trn,eec,7.98840442634226
2016,trn,eec,7.37592953575404
2015,trn,eec,7.469119357998947
1998,trn,eec,3.8944626188317124
2004,trn,eec,5.575899062002933
2000,trn,eec,5.655185506522135
1997,trn,eec,3.5089237299022473
2007,trn,eec,6.70187233367774
2010,trn,eec,5.106511776257895
2003,trn,eec,4.467606970985314
2011,trn,eec,6.016628032606952
2001,trn,eec,4.199267885384138
2008,trd,eec,65.25213988018736
2009,trd,eec,57.20450012624168
2005,trd,eec,58.67196418344354
2006,trd,eec,65.35520943486358
2012,trd,eec,79.98374066115166
2014,trd,eec,92.4212506484334
2013,trd,eec,86.38911805453672
1999,trd,eec,41.615926154935735
2002,trd,eec,45.142943372016596
2017,trd,eec,105.51890655609215
2016,trd,eec,99.61550074462669
2015,trd,eec,96.64387601476838
1998,trd,eec,37.60967540837665
2004,trd,eec,55.263533296566415
2000,trd,eec,45.752643512808135
1997,trd,eec,35.28317855687932
2007,trd,eec,67.57741856970561
2010,trd,eec,67.67278904099723
2003,trd,eec,48.06970149374676
2011,trd,eec,72.87539648105344
2001,trd,eec,42.385396067794495
2008,trn,fnd,-9.974934970500335e-9
2009,trn,fnd,-9.974935794759084e-9
2005,trn,fnd,-9.974934775763576e-9
2006,trn,fnd,-9.974934827319521e-9
2012,trn,fnd,-9.990907417708936e-9
2014,trn,fnd,-9.990907530923914e-9
2013,trn,fnd,-9.990907577319767e-9
1999,trn,fnd,-9.974934362900039e-9
2002,trn,fnd,-9.990906689749302e-9
2017,trn,fnd,-9.990907466778427e-9
2016,trn,fnd,-9.97493650954197e-9
2015,trn,fnd,-9.974936514707155e-9
1998,trn,fnd,-9.974935141015086e-9
2004,trn,fnd,-9.974934448565685e-9
2000,trn,fnd,-9.990906904046508e-9
1997,trn,fnd,-9.974936373625314e-9
2007,trn,fnd,-9.97493455489209e-9
2010,trn,fnd,-9.974935038844169e-9
2003,trn,fnd,-9.99090681557322e-9
2011,trn,fnd,-9.974935029245605e-9
2001,trn,fnd,-9.990906868247784e-9
2008,trd,fnd,-9.974939418901286e-9
2009,trd,fnd,-9.97494011578776e-9
2005,trd,fnd,-9.974939282412597e-9
2006,trd,fnd,-9.974939238806884e-9
2012,trd,fnd,-9.990908514997359e-9
2014,trd,fnd,-9.990908504022107e-9
2013,trd,fnd,-9.9909085086328e-9
1999,trd,fnd,-9.974938735853317e-9
2002,trd,fnd,-9.990908355972358e-9
2017,trd,fnd,-9.990908429529118e-9
2016,trd,fnd,-9.974939213961588e-9
2015,trd,fnd,-9.974939228765645e-9
1998,trd,fnd,-9.974938763137505e-9
2004,trd,fnd,-9.974939127410018e-9
2000,trd,fnd,-9.990908346074224e-9
1997,trd,fnd,-9.974938695076706e-9
2007,trd,fnd,-9.97493907781e-9
2010,trd,fnd,-9.974939285054213e-9
2003,trd,fnd,-9.99090841433875e-9
2011,trd,fnd,-9.97493928572163e-9
2001,trd,fnd,-9.990908521236334e-9
2008,trn,pub,5.047054922605156
2009,trn,pub,3.901806475727797
2005,trn,pub,4.17946228996639
2006,trn,pub,4.389827204053453
2012,trn,pub,4.334913923227006
2014,trn,pub,4.432801094791893
2013,trn,pub,4.230654222555029
1999,trn,pub,3.0332265406378722
2002,trn,pub,3.5823281595798897
2017,trn,pub,4.420374587743106
2016,trn,pub,3.8893983037112467
2015,trn,pub,3.795316044324553
1998,trn,pub,2.7511097309391626
2004,trn,pub,3.89301971759983
2000,trn,pub,3.53407638146127
1997,trn,pub,2.621632864329029
2007,trn,pub,4.743602897675335
2010,trn,pub,3.7269698521291237
2003,trn,pub,3.7218840039937535
2011,trn,pub,3.9028081811856548
2001,trn,pub,3.4920172241791345
2008,trd,pub,54.19397817410602
2009,trd,pub,52.44545104044461
2005,trd,pub,45.52844809756994
2006,trd,pub,46.534992477414164
2012,trd,pub,70.07551867795479
2014,trd,pub,80.77354417171568
2013,trd,pub,76.80756424252446
1999,trd,pub,32.341720825036916
2002,trd,pub,35.11000130184985
2017,trd,pub,93.35636806710271
2016,trd,pub,89.52821499083664
2015,trd,pub,85.098998669408
1998,trd,pub,30.018633660481655
2004,trd,pub,41.69798650856321
2000,trd,pub,34.533678041505375
1997,trd,pub,27.405874132701523
2007,trd,pub,49.37639933012025
2010,trd,pub,62.21069267916024
2003,trd,pub,37.89384914950426
2011,trd,pub,69.51128188100031
2001,trd,pub,32.99441760743376
2008,trn,hou,-9.97493501643702e-9
2009,trn,hou,-9.974935888117537e-9
2005,trn,hou,-9.974934860370014e-9
2006,trn,hou,-9.97493490784338e-9
2012,trn,hou,-9.990907420988992e-9
2014,trn,hou,-9.99090752987505e-9
2013,trn,hou,-9.990907578634499e-9
1999,trn,hou,-9.974934522283783e-9
2002,trn,hou,-9.99090675113304e-9
2017,trn,hou,-9.990907470220034e-9
2016,trn,hou,-9.9749364997404e-9
2015,trn,hou,-9.974936494715081e-9
1998,trn,hou,-9.974935319044329e-9
2004,trn,hou,-9.974934564780731e-9
2000,trn,hou,-9.99090695654918e-9
1997,trn,hou,-9.974936547215758e-9
2007,trn,hou,-9.974934643190497e-9
2010,trn,hou,-9.974935103107454e-9
2003,trn,hou,-9.990906857460025e-9
2011,trn,hou,-9.974935063769392e-9
2001,trn,hou,-9.990906924117807e-9
2008,trd,hou,-9.974939464821665e-9
2009,trd,hou,-9.974940209114026e-9
2005,trd,hou,-9.974939366988614e-9
2006,trd,hou,-9.974939319302402e-9
2012,trd,hou,-9.990908518276622e-9
2014,trd,hou,-9.990908502973468e-9
2013,trd,hou,-9.990908509947261e-9
1999,trd,hou,-9.974938895181455e-9
2002,trd,hou,-9.990908417333602e-9
2017,trd,hou,-9.990908432969995e-9
2016,trd,hou,-9.974939204162135e-9
2015,trd,hou,-9.9749392087779e-9
1998,trd,hou,-9.974938941115297e-9
2004,trd,hou,-9.974939243581682e-9
2000,trd,hou,-9.990908398560245e-9
1997,trd,hou,-9.974938868634996e-9
2007,trd,hou,-9.974939166076543e-9
2010,trd,hou,-9.974939349295725e-9
2003,trd,hou,-9.990908456210826e-9
2011,trd,hou,-9.974939320233694e-9
2001,trd,hou,-9.990908577086047e-9
2008,trn,fbt,0.0
2009,trn,fbt,0.0
2005,trn,fbt,0.0
2006,trn,fbt,0.0
2012,trn,fbt,0.0
2014,trn,fbt,0.0
2013,trn,fbt,0.0
1999,trn,fbt,0.0
2002,trn,fbt,0.0
2017,trn,fbt,0.0
2016,trn,fbt,0.0
2015,trn,fbt,0.0
1998,trn,fbt,0.0
2004,trn,fbt,0.0
2000,trn,fbt,0.0
1997,trn,fbt,0.0
2007,trn,fbt,0.0
2010,trn,fbt,0.0
2003,trn,fbt,0.0
2011,trn,fbt,0.0
2001,trn,fbt,0.0
2008,trd,fbt,0.0
2009,trd,fbt,0.0
2005,trd,fbt,0.0
2006,trd,fbt,0.0
2012,trd,fbt,0.0
2014,trd,fbt,0.0
2013,trd,fbt,0.0
1999,trd,fbt,0.0
2002,trd,fbt,0.0
2017,trd,fbt,0.0
2016,trd,fbt,0.0
2015,trd,fbt,0.0
1998,trd,fbt,0.0
2004,trd,fbt,0.0
2000,trd,fbt,0.0
1997,trd,fbt,0.0
2007,trd,fbt,0.0
2010,trd,fbt,0.0
2003,trd,fbt,0.0
2011,trd,fbt,0.0
2001,trd,fbt,0.0
2008,trn,ins,-9.974935234188353e-9
2009,trn,ins,-9.974935727873284e-9
2005,trn,ins,-9.974934777824144e-9
2006,trn,ins,-9.974934818169968e-9
2012,trn,ins,-9.990907390976485e-9
2014,trn,ins,-9.990907496773068e-9
2013,trn,ins,-9.990907553473496e-9
1999,trn,ins,-9.97493446492453e-9
2002,trn,ins,-9.990906725212437e-9
2017,trn,ins,-9.990907435056664e-9
2016,trn,ins,-9.974936409398017e-9
2015,trn,ins,-9.974936420249042e-9
1998,trn,ins,-9.974935258567813e-9
2004,trn,ins,-9.974934468418495e-9
2000,trn,ins,-9.990906949350181e-9
1997,trn,ins,-9.974936486269721e-9
2007,trn,ins,-9.974934629566387e-9
2010,trn,ins,-9.9749349985466e-9
2003,trn,ins,-9.990906827430194e-9
2011,trn,ins,-9.974935058747303e-9
2001,trn,ins,-9.990906899155824e-9
2008,trd,ins,-9.974939682495717e-9
2009,trd,ins,-9.97494004892502e-9
2005,trd,ins,-9.974939284472424e-9
2006,trd,ins,-9.974939229660552e-9
2012,trd,ins,-9.99090848827136e-9
2014,trd,ins,-9.990908469878571e-9
2013,trd,ins,-9.990908484791413e-9
1999,trd,ins,-9.974938837842215e-9
2002,trd,ins,-9.990908391422498e-9
2017,trd,ins,-9.990908397814072e-9
2016,trd,ins,-9.974939113839247e-9
2015,trd,ins,-9.97493913432799e-9
1998,trd,ins,-9.974938880656258e-9
2004,trd,ins,-9.974939147255416e-9
2000,trd,ins,-9.990908391363529e-9
1997,trd,ins,-9.974938807700248e-9
2007,trd,ins,-9.974939152457351e-9
2010,trd,ins,-9.974939244770296e-9
2003,trd,ins,-9.990908426191555e-9
2011,trd,ins,-9.974939315213308e-9
2001,trd,ins,-9.990908552133138e-9
2008,trn,tex,3.9722148649792333
2009,trn,tex,2.91679418955263
2005,trn,tex,3.7337303373716844
2006,trn,tex,3.654857220411312
2012,trn,tex,4.1808021284625605
2014,trn,tex,4.556006448250462
2013,trn,tex,4.262861693926206
1999,trn,tex,2.5738545962851345
2002,trn,tex,3.3460885147417163
2017,trn,tex,4.355544638425444
2016,trn,tex,3.8360779821332094
2015,trn,tex,3.8915956135957424
1998,trn,tex,2.638091328335062
2004,trn,tex,3.542510131503658
2000,trn,tex,1.6125750868998387
1997,trn,tex,3.0774734913141204
2007,trn,tex,3.8036153629892167
2010,trn,tex,3.414873304904036
2003,trn,tex,3.484512141423601
2011,trn,tex,3.9124746382250035
2001,trn,tex,3.541896733640289
2008,trd,tex,52.319095120072745
2009,trd,tex,46.80339932266506
2005,trd,tex,54.503329735543716
2006,trd,tex,55.26632876968171
2012,trd,tex,55.59188405428884
2014,trd,tex,62.277526815446684
2013,trd,tex,58.47181904483689
1999,trd,tex,39.15588234079727
2002,trd,tex,44.06491157927701
2017,trd,tex,69.16460416902312
2016,trd,tex,65.85489000363224
2015,trd,tex,64.36472760185075
1998,trd,tex,36.165756625189125
2004,trd,tex,52.02975449774469
2000,trd,tex,42.00243598300019
1997,trd,tex,35.272284750064735
2007,trd,tex,55.50761151073821
2010,trd,tex,49.407914414171486
2003,trd,tex,46.38997781681069
2011,trd,tex,51.58701070522381
2001,trd,tex,42.75949594918081
2008,trn,leg,-9.974935280223845e-9
2009,trn,leg,-9.974935716927607e-9
2005,trn,leg,-9.974934787870729e-9
2006,trn,leg,-9.974934826465163e-9
2012,trn,leg,-9.990907391341312e-9
2014,trn,leg,-9.99090749942129e-9
2013,trn,leg,-9.990907549952281e-9
1999,trn,leg,-9.974934503101154e-9
2002,trn,leg,-9.990906732237563e-9
2017,trn,leg,-9.990907437726538e-9
2016,trn,leg,-9.97493641783881e-9
2015,trn,leg,-9.97493642602636e-9
1998,trn,leg,-9.97493525943176e-9
2004,trn,leg,-9.974934481371681e-9
2000,trn,leg,-9.990906991092554e-9
1997,trn,leg,-9.974936489928179e-9
2007,trn,leg,-9.974934625191606e-9
2010,trn,leg,-9.97493501838945e-9
2003,trn,leg,-9.990906831050573e-9
2011,trn,leg,-9.974935069152836e-9
2001,trn,leg,-9.99090691095583e-9
2008,trd,leg,-9.97493972851487e-9
2009,trd,leg,-9.974940037983117e-9
2005,trd,leg,-9.974939294515396e-9
2006,trd,leg,-9.974939237952827e-9
2012,trd,leg,-9.990908488636097e-9
2014,trd,leg,-9.990908472526226e-9
2013,trd,leg,-9.99090848127092e-9
1999,trd,leg,-9.974938876005519e-9
2002,trd,leg,-9.990908398445048e-9
2017,trd,leg,-9.99090840048338e-9
2016,trd,leg,-9.974939122278218e-9
2015,trd,leg,-9.974939140104056e-9
1998,trd,leg,-9.974938881519957e-9
2004,trd,leg,-9.974939160203769e-9
2000,trd,leg,-9.990908433092663e-9
1997,trd,leg,-9.974938811358029e-9
2007,trd,leg,-9.974939148084147e-9
2010,trd,leg,-9.974939264606424e-9
2003,trd,leg,-9.99090842981066e-9
2011,trd,leg,-9.974939325615307e-9
2001,trd,leg,-9.990908563928854e-9
2008,trn,fen,-9.974935651628143e-9
2009,trn,fen,-9.974935498886581e-9
2005,trn,fen,-9.974934763728741e-9
2006,trn,fen,-9.974934815450628e-9
2012,trn,fen,-9.990907717060734e-9
2014,trn,fen,-9.990907435949629e-9
2013,trn,fen,-9.990907981719565e-9
1999,trn,fen,-9.974934565263734e-9
2002,trn,fen,-9.990906736031926e-9
2017,trn,fen,-9.990907346780237e-9
2016,trn,fen,-9.974936178263033e-9
2015,trn,fen,-9.974936219795732e-9
1998,trn,fen,-9.974935231820737e-9
2004,trn,fen,-9.974934469594107e-9
2000,trn,fen,-9.990907019420282e-9
1997,trn,fen,-9.974936453199601e-9
2007,trn,fen,-9.97493467773323e-9
2010,trn,fen,-9.97493490875534e-9
2003,trn,fen,-9.990906825452912e-9
2011,trn,fen,-9.97493510335612e-9
2001,trn,fen,-9.990906905346455e-9
2008,trd,fen,-9.974940099787352e-9
2009,trd,fen,-9.974939820017264e-9
2005,trd,fen,-9.97493927038209e-9
2006,trd,fen,-9.97493922694217e-9
2012,trd,fen,-9.990908814276911e-9
2014,trd,fen,-9.990908409068148e-9
2013,trd,fen,-9.99090891294976e-9
1999,trd,fen,-9.97493893814641e-9
2002,trd,fen,-9.990908402238022e-9
2017,trd,fen,-9.990908309556339e-9
2016,trd,fen,-9.97493888275414e-9
2015,trd,fen,-9.974938933918088e-9
1998,trd,fen,-9.974938853916913e-9
2004,trd,fen,-9.97493914843059e-9
2000,trd,fen,-9.990908461411408e-9
1997,trd,fen,-9.974938774636252e-9
2007,trd,fen,-9.974939200606812e-9
2010,trd,fen,-9.974939155009455e-9
2003,trd,fen,-9.990908424214967e-9
2011,trd,fen,-9.974939359806977e-9
2001,trd,fen,-9.99090855832152e-9
2008,trn,uti,-9.974934998566742e-9
2009,trn,uti,-9.974935613433593e-9
2005,trn,uti,-9.974934760365908e-9
2006,trn,uti,-9.974934810463228e-9
2012,trn,uti,-9.99090729970498e-9
2014,trn,uti,-9.990907418989633e-9
2013,trn,uti,-9.990907487942643e-9
1999,trn,uti,-9.974934479137154e-9
2002,trn,uti,-9.990906711846724e-9
2017,trn,uti,-9.990907350509652e-9
2016,trn,uti,-9.974936190438013e-9
2015,trn,uti,-9.974936224006447e-9
1998,trn,uti,-9.974935274784914e-9
2004,trn,uti,-9.974934465895185e-9
2000,trn,uti,-9.990906953744657e-9
1997,trn,uti,-9.974936493737761e-9
2007,trn,uti,-9.974934562621517e-9
2010,trn,uti,-9.974934955311608e-9
2003,trn,uti,-9.990906821888872e-9
2011,trn,uti,-9.974934893053945e-9
2001,trn,uti,-9.990906877712194e-9
2008,trd,uti,-9.974939446957732e-9
2009,trd,uti,-9.974939934524784e-9
2005,trd,uti,-9.974939267020467e-9
2006,trd,uti,-9.974939221956524e-9
2012,trd,uti,-9.990908397021882e-9
2014,trd,uti,-9.990908392111785e-9
2013,trd,uti,-9.990908419273984e-9
1999,trd,uti,-9.97493885204988e-9
2002,trd,uti,-9.990908378061682e-9
2017,trd,uti,-9.990908313284963e-9
2016,trd,uti,-9.974938894926495e-9
2015,trd,uti,-9.974938938127893e-9
1998,trd,uti,-9.974938896868672e-9
2004,trd,uti,-9.97493914473305e-9
2000,trd,uti,-9.990908395756612e-9
1997,trd,uti,-9.974938815166904e-9
2007,trd,uti,-9.974939085536638e-9
2010,trd,uti,-9.97493920154995e-9
2003,trd,uti,-9.990908420652179e-9
2011,trd,uti,-9.974939149576222e-9
2001,trd,uti,-9.990908530697305e-9
2008,trn,nmp,18.66289676299348
2009,trn,nmp,15.208368946920531
2005,trn,nmp,17.33888793438025
2006,trn,nmp,19.6915838305365
2012,trn,nmp,17.46948383793802
2014,trn,nmp,20.742562312527
2013,trn,nmp,17.988959919479395
1999,trn,nmp,11.80712912429177
2002,trn,nmp,14.09213753677951
2017,trn,nmp,26.101126279493457
2016,trn,nmp,24.161303082512518
2015,trn,nmp,24.012138517866966
1998,trn,nmp,10.687367405363238
2004,trn,nmp,15.251909671512017
2000,trn,nmp,12.72445347674015
1997,trn,nmp,9.681548364973915
2007,trn,nmp,21.144496689236696
2010,trn,nmp,14.236175414976826
2003,trn,nmp,14.822423019863008
2011,trn,nmp,15.863640785381314
2001,trn,nmp,13.289924516541916
2008,trd,nmp,31.804844504974
2009,trd,nmp,25.89757510572078
2005,trd,nmp,33.46995202323623
2006,trd,nmp,36.34086607285995
2012,trd,nmp,30.479105772991215
2014,trd,nmp,35.966406095758536
2013,trd,nmp,33.11305506767446
1999,trd,nmp,23.599717695917505
2002,trd,nmp,25.945419989957013
2017,trd,nmp,45.600910987956155
2016,trd,nmp,41.49357694444948
2015,trd,nmp,38.45531224275692
1998,trd,nmp,22.32212934582777
2004,trd,nmp,30.378455555812685
2000,trd,nmp,25.380550110284215
1997,trd,nmp,20.2422167265097
2007,trd,nmp,37.02338928306093
2010,trd,nmp,27.72536411157308
2003,trd,nmp,27.740238102213045
2011,trd,nmp,29.403541960135765
2001,trd,nmp,25.386311256642298
2008,trn,brd,-9.974934836040736e-9
2009,trn,brd,-9.974935403702011e-9
2005,trn,brd,-9.974934524238034e-9
2006,trn,brd,-9.974934546617513e-9
2012,trn,brd,-9.990907294120362e-9
2014,trn,brd,-9.990907417788258e-9
2013,trn,brd,-9.990907455376524e-9
1999,trn,brd,-9.97493410519886e-9
2002,trn,brd,-9.99090663058457e-9
2017,trn,brd,-9.990907381822647e-9
2016,trn,brd,-9.974936252778533e-9
2015,trn,brd,-9.974936231374087e-9
1998,trn,brd,-9.97493481191763e-9
2004,trn,brd,-9.97493419695917e-9
2000,trn,brd,-9.990906876279868e-9
1997,trn,brd,-9.974936031879097e-9
2007,trn,brd,-9.974934309187342e-9
2010,trn,brd,-9.974934714180977e-9
2003,trn,brd,-9.990906726469612e-9
2011,trn,brd,-9.97493476168292e-9
2001,trn,brd,-9.99090679861248e-9
2008,trd,brd,-9.97493928448941e-9
2009,trd,brd,-9.97493972486551e-9
2005,trd,brd,-9.974939030977494e-9
2006,trd,brd,-9.974938958203676e-9
2012,trd,brd,-9.990908391438612e-9
2014,trd,brd,-9.990908390910665e-9
2013,trd,brd,-9.990908386714537e-9
1999,trd,brd,-9.97493847824205e-9
2002,trd,brd,-9.990908296829305e-9
2017,trd,brd,-9.990908344591327e-9
2016,trd,brd,-9.97493895725356e-9
2015,trd,brd,-9.974938945493936e-9
1998,trd,brd,-9.974938434135158e-9
2004,trd,brd,-9.974938875897428e-9
2000,trd,brd,-9.99090831831639e-9
1997,trd,brd,-9.974938353393792e-9
2007,trd,brd,-9.974938832193916e-9
2010,trd,brd,-9.974938960501013e-9
2003,trd,brd,-9.99090832526647e-9
2011,trd,brd,-9.974939018249812e-9
2001,trd,brd,-9.990908451626346e-9
2008,trn,bnk,-9.974935721352732e-9
2009,trn,bnk,-9.97493558141281e-9
2005,trn,bnk,-9.974934666611816e-9
2006,trn,bnk,-9.974934688364675e-9
2012,trn,bnk,-9.990907345027794e-9
2014,trn,bnk,-9.990907453170445e-9
2013,trn,bnk,-9.990907498221205e-9
1999,trn,bnk,-9.974934424123195e-9
2002,trn,bnk,-9.990906703504564e-9
2017,trn,bnk,-9.990907378220275e-9
2016,trn,bnk,-9.974936261003177e-9
2015,trn,bnk,-9.97493630191152e-9
1998,trn,bnk,-9.974935169746552e-9
2004,trn,bnk,-9.974934361703634e-9
2000,trn,bnk,-9.990906977105641e-9
1997,trn,bnk,-9.974936412224409e-9
2007,trn,bnk,-9.974934645738522e-9
2010,trn,bnk,-9.974934920978591e-9
2003,trn,bnk,-9.990906795547535e-9
2011,trn,bnk,-9.974935112486618e-9
2001,trn,bnk,-9.990906866167456e-9
2008,trd,bnk,-9.974940169487196e-9
2009,trd,bnk,-9.97493990251504e-9
2005,trd,bnk,-9.974939173300084e-9
2006,trd,bnk,-9.974939099900947e-9
2012,trd,bnk,-9.990908442333758e-9
2014,trd,bnk,-9.99090842628528e-9
2013,trd,bnk,-9.99090842955044e-9
1999,trd,bnk,-9.974938797055113e-9
2002,trd,bnk,-9.99090836972258e-9
2017,trd,bnk,-9.990908340989718e-9
2016,trd,bnk,-9.97493896547643e-9
2015,trd,bnk,-9.974939016016095e-9
1998,trd,bnk,-9.974938791860666e-9
2004,trd,bnk,-9.974939040580393e-9
2000,trd,bnk,-9.990908419110185e-9
1997,trd,bnk,-9.974938733668652e-9
2007,trd,bnk,-9.97493916862365e-9
2010,trd,bnk,-9.974939167228567e-9
2003,trd,bnk,-9.990908394320105e-9
2011,trd,bnk,-9.974939368934372e-9
2001,trd,bnk,-9.990908519156764e-9
2008,trn,ore,-9.974935204141645e-9
2009,trn,ore,-9.974935641146856e-9
2005,trn,ore,-9.974934778308276e-9
2006,trn,ore,-9.974934811672485e-9
2012,trn,ore,-9.990907377161725e-9
2014,trn,ore,-9.990907490924146e-9
2013,trn,ore,-9.990907541423157e-9
1999,trn,ore,-9.974934492373869e-9
2002,trn,ore,-9.990906726420408e-9
2017,trn,ore,-9.990907432704343e-9
2016,trn,ore,-9.974936390724765e-9
2015,trn,ore,-9.97493641413278e-9
1998,trn,ore,-9.974935266676934e-9
2004,trn,ore,-9.974934460899157e-9
2000,trn,ore,-9.990906984584058e-9
1997,trn,ore,-9.974936511733466e-9
2007,trn,ore,-9.974934625692192e-9
2010,trn,ore,-9.974935000826472e-9
2003,trn,ore,-9.990906826190457e-9
2011,trn,ore,-9.974935030009235e-9
2001,trn,ore,-9.99090691168766e-9
2008,trd,ore,-9.974939652459673e-9
2009,trd,ore,-9.974939962228492e-9
2005,trd,ore,-9.974939284956383e-9
2006,trd,ore,-9.974939223165356e-9
2012,trd,ore,-9.990908474459934e-9
2014,trd,ore,-9.990908464030902e-9
2013,trd,ore,-9.990908472743542e-9
1999,trd,ore,-9.974938865281976e-9
2002,trd,ore,-9.990908392630026e-9
2017,trd,ore,-9.99090839546225e-9
2016,trd,ore,-9.974939095170025e-9
2015,trd,ore,-9.974939128213052e-9
1998,trd,ore,-9.974938888763038e-9
2004,trd,ore,-9.974939139738887e-9
2000,trd,ore,-9.990908426586232e-9
1997,trd,ore,-9.974938833159274e-9
2007,trd,ore,-9.974939148584555e-9
2010,trd,ore,-9.974939247049395e-9
2003,trd,ore,-9.990908424952253e-9
2011,trd,ore,-9.974939286485001e-9
2001,trd,ore,-9.990908564660418e-9
2008,trn,edu,-9.974935027932507e-9
2009,trn,edu,-9.97493582252768e-9
2005,trn,edu,-9.974934838370434e-9
2006,trn,edu,-9.97493488809041e-9
2012,trn,edu,-9.99090741564911e-9
2014,trn,edu,-9.990907518131946e-9
2013,trn,edu,-9.990907570284728e-9
1999,trn,edu,-9.974934512251487e-9
2002,trn,edu,-9.990906738918916e-9
2017,trn,edu,-9.990907442343462e-9
2016,trn,edu,-9.974936464141991e-9
2015,trn,edu,-9.974936455217613e-9
1998,trn,edu,-9.974935296649299e-9
2004,trn,edu,-9.974934532668938e-9
2000,trn,edu,-9.990906962754368e-9
1997,trn,edu,-9.974936499291116e-9
2007,trn,edu,-9.974934640531985e-9
2010,trn,edu,-9.974935092907981e-9
2003,trn,edu,-9.990906842734296e-9
2011,trn,edu,-9.97493505755751e-9
2001,trn,edu,-9.990906916895844e-9
2008,trd,edu,-9.974939476313073e-9
2009,trd,edu,-9.97494014354678e-9
2005,trd,edu,-9.974939344996945e-9
2006,trd,edu,-9.974939299556384e-9
2012,trd,edu,-9.990908512938028e-9
2014,trd,edu,-9.990908491232879e-9
2013,trd,edu,-9.990908501599202e-9
1999,trd,edu,-9.97493888515266e-9
2002,trd,edu,-9.990908405123954e-9
2017,trd,edu,-9.990908405099327e-9
2016,trd,edu,-9.974939168571407e-9
2015,trd,edu,-9.974939169288986e-9
1998,trd,edu,-9.974938918726739e-9
2004,trd,edu,-9.974939211481876e-9
2000,trd,edu,-9.990908404763466e-9
1997,trd,edu,-9.97493882071923e-9
2007,trd,edu,-9.97493916341899e-9
2010,trd,edu,-9.974939339099708e-9
2003,trd,edu,-9.990908441490275e-9
2011,trd,edu,-9.974939314023921e-9
2001,trd,edu,-9.99090856986671e-9
2008,trn,ote,4.009750585308656
2009,trn,ote,2.3478950343152505
2005,trn,ote,2.725269555893451
2006,trn,ote,3.143587930296247
2012,trn,ote,3.8075587197296907
2014,trn,ote,4.529085593946991
2013,trn,ote,4.086182410233212
1999,trn,ote,1.7580120457702957
2002,trn,ote,1.735900024766256
2017,trn,ote,4.360716325599839
2016,trn,ote,3.990675967203256
2015,trn,ote,4.172602413429744
1998,trn,ote,1.6446957636108535
2004,trn,ote,2.000075496771531
2000,trn,ote,2.829408854524645
1997,trn,ote,1.5015385442210822
2007,trn,ote,3.5595917392768768
2010,trn,ote,1.9883866707081022
2003,trn,ote,1.7473976024912292
2011,trn,ote,2.315126807566054
2001,trn,ote,1.578077224130351
2008,trd,ote,16.47732452732318
2009,trd,ote,11.825082620721098
2005,trd,ote,15.992464078397216
2006,trd,ote,16.36447216231493
2012,trd,ote,24.02942689889222
2014,trd,ote,24.414185233528492
2013,trd,ote,23.68145371607881
1999,trd,ote,12.907330242824237
2002,trd,ote,14.201777813429263
2017,trd,ote,27.868679139904906
2016,trd,ote,26.37707815933488
2015,trd,ote,25.45205107127932
1998,trd,ote,11.022400764525793
2004,trd,ote,15.822343540192215
2000,trd,ote,14.838009898618845
1997,trd,ote,10.176176810289087
2007,trd,ote,18.36835417743584
2010,trd,ote,17.766180460271475
2003,trd,ote,15.381408333731466
2011,trd,ote,19.482509137059377
2001,trd,ote,12.045708273914178
2008,trn,man,-9.974935328045396e-9
2009,trn,man,-9.974935601371268e-9
2005,trn,man,-9.974934795601114e-9
2006,trn,man,-9.974934833708562e-9
2012,trn,man,-9.99090739505332e-9
2014,trn,man,-9.99090750432268e-9
2013,trn,man,-9.99090755058603e-9
1999,trn,man,-9.974934536652158e-9
2002,trn,man,-9.990906738783511e-9
2017,trn,man,-9.990907445325216e-9
2016,trn,man,-9.974936432556358e-9
2015,trn,man,-9.974936459702037e-9
1998,trn,man,-9.974935305327873e-9
2004,trn,man,-9.974934492805597e-9
2000,trn,man,-9.990906995101494e-9
1997,trn,man,-9.97493652420135e-9
2007,trn,man,-9.974934643504324e-9
2010,trn,man,-9.974935015826507e-9
2003,trn,man,-9.990906832871736e-9
2011,trn,man,-9.974935052732816e-9
2001,trn,man,-9.99090689186494e-9
2008,trd,man,-9.97493977631945e-9
2009,trd,man,-9.974939922466617e-9
2005,trd,man,-9.974939302243003e-9
2006,trd,man,-9.974939245193677e-9
2012,trd,man,-9.99090849234721e-9
2014,trd,man,-9.990908477426568e-9
2013,trd,man,-9.99090848190454e-9
1999,trd,man,-9.974938909544818e-9
2002,trd,man,-9.9909084049886e-9
2017,trd,man,-9.99090840808045e-9
2016,trd,man,-9.97493913699259e-9
2015,trd,man,-9.974939173772438e-9
1998,trd,man,-9.974938927402807e-9
2004,trd,man,-9.974939171633415e-9
2000,trd,man,-9.990908437100333e-9
1997,trd,man,-9.974938845624851e-9
2007,trd,man,-9.97493916639026e-9
2010,trd,man,-9.97493926204435e-9
2003,trd,man,-9.990908431631182e-9
2011,trd,man,-9.974939309200864e-9
2001,trd,man,-9.990908544844906e-9
2008,trn,mch,10.841458565044135
2009,trn,mch,8.71806821337524
2005,trn,mch,9.023489935563978
2006,trn,mch,10.03249127112503
2012,trn,mch,15.461884564332454
2014,trn,mch,17.33781575813854
2013,trn,mch,15.117756828990418
1999,trn,mch,5.871173332604636
2002,trn,mch,7.290543814488979
2017,trn,mch,16.27051036521125
2016,trn,mch,15.42137748276475
2015,trn,mch,16.63157477961823
1998,trn,mch,5.981065684342992
2004,trn,mch,8.091651034828947
2000,trn,mch,6.539351509421728
1997,trn,mch,5.612051765190216
2007,trn,mch,10.607659003507388
2010,trn,mch,12.211485642453964
2003,trn,mch,7.403488131027349
2011,trn,mch,14.03099734104737
2001,trn,mch,6.7695279050660195
2008,trd,mch,111.68128645230988
2009,trd,mch,94.26813053516555
2005,trd,mch,97.91093769748704
2006,trd,mch,102.54810932752339
2012,trd,mch,152.7274697828124
2014,trd,mch,163.67323975979852
2013,trd,mch,155.10299798439695
1999,trd,mch,79.06821585073396
2002,trd,mch,77.4549890882544
2017,trd,mch,170.06265745876138
2016,trd,mch,161.08483939156568
2015,trd,mch,164.2077502438659
1998,trd,mch,76.26027876694134
2004,trd,mch,89.98962814364685
2000,trd,mch,83.53797101139008
1997,trd,mch,67.63411274597046
2007,trd,mch,105.74283825078447
2010,trd,mch,117.12478240401042
2003,trd,mch,82.28304941865328
2011,trd,mch,134.65895108150826
2001,trd,mch,78.90717693846969
2008,trn,dat,-9.97493512796984e-9
2009,trn,dat,-9.974935593193856e-9
2005,trn,dat,-9.974934670153523e-9
2006,trn,dat,-9.974934720894772e-9
2012,trn,dat,-9.990907370168815e-9
2014,trn,dat,-9.990907482491826e-9
2013,trn,dat,-9.990907531918197e-9
1999,trn,dat,-9.974937519099685e-9
2002,trn,dat,-9.990906695507822e-9
2017,trn,dat,-9.990907428166698e-9
2016,trn,dat,-9.974936386307475e-9
2015,trn,dat,-9.97493639375937e-9
1998,trn,dat,-9.974935173779628e-9
2004,trn,dat,-9.974934353120769e-9
2000,trn,dat,-9.990908633531128e-9
1997,trn,dat,-9.974936397384129e-9
2007,trn,dat,-9.974934531865688e-9
2010,trn,dat,-9.974934935813915e-9
2003,trn,dat,-9.990906785466478e-9
2011,trn,dat,-9.974934973921946e-9
2001,trn,dat,-9.990908146250461e-9
2008,trd,dat,-9.974939576314901e-9
2009,trd,dat,-9.974939914292026e-9
2005,trd,dat,-9.974939176840517e-9
2006,trd,dat,-9.974939132419594e-9
2012,trd,dat,-9.990908467468711e-9
2014,trd,dat,-9.990908455600385e-9
2013,trd,dat,-9.99090846324053e-9
1999,trd,dat,-9.974941890951868e-9
2002,trd,dat,-9.990908361728767e-9
2017,trd,dat,-9.990908390925564e-9
2016,trd,dat,-9.974939090753688e-9
2015,trd,dat,-9.974939107844053e-9
1998,trd,dat,-9.974938795892577e-9
2004,trd,dat,-9.97493903200073e-9
2000,trd,dat,-9.9909100750104e-9
1997,trd,dat,-9.974938718831121e-9
2007,trd,dat,-9.974939054791907e-9
2010,trd,dat,-9.974939182058865e-9
2003,trd,dat,-9.990908384242594e-9
2011,trd,dat,-9.974939230416758e-9
2001,trd,dat,-9.990909798774444e-9
2008,trn,amd,-9.97493516453052e-9
2009,trn,amd,-9.974935731654959e-9
2005,trn,amd,-9.974934773656527e-9
2006,trn,amd,-9.974934822255427e-9
2012,trn,amd,-9.990907385372845e-9
2014,trn,amd,-9.99090749415586e-9
2013,trn,amd,-9.990907543624761e-9
1999,trn,amd,-9.974934512108563e-9
2002,trn,amd,-9.99090672418826e-9
2017,trn,amd,-9.990907430908538e-9
2016,trn,amd,-9.974936403817749e-9
2015,trn,amd,-9.974936410873064e-9
1998,trn,amd,-9.974935254634564e-9
2004,trn,amd,-9.97493446208601e-9
2000,trn,amd,-9.990906999255738e-9
1997,trn,amd,-9.974936480524626e-9
2007,trn,amd,-9.974934606811949e-9
2010,trn,amd,-9.974935016833196e-9
2003,trn,amd,-9.990906824467336e-9
2011,trn,amd,-9.974935025909258e-9
2001,trn,amd,-9.990906913508867e-9
2008,trd,amd,-9.974939612862606e-9
2009,trd,amd,-9.97494005270539e-9
2005,trd,amd,-9.974939280306306e-9
2006,trd,amd,-9.974939233744574e-9
2012,trd,amd,-9.990908482669071e-9
2014,trd,amd,-9.990908467261924e-9
2013,trd,amd,-9.990908474944696e-9
1999,trd,amd,-9.974938885009785e-9
2002,trd,amd,-9.990908390398697e-9
2017,trd,amd,-9.990908393666824e-9
2016,trd,amd,-9.974939108260183e-9
2015,trd,amd,-9.974939124954041e-9
1998,trd,amd,-9.974938876724145e-9
2004,trd,amd,-9.974939140925296e-9
2000,trd,amd,-9.99090844125326e-9
1997,trd,amd,-9.974938801956216e-9
2007,trd,amd,-9.974939129711124e-9
2010,trd,amd,-9.974939263050696e-9
2003,trd,amd,-9.990908423229737e-9
2011,trd,amd,-9.974939282386415e-9
2001,trd,amd,-9.990908566480963e-9
2008,trn,oil,35.82634909383625
2009,trn,oil,29.665799068841025
2005,trn,oil,24.35269127398264
2006,trn,oil,26.174614425090443
2012,trn,oil,45.13294449266769
2014,trn,oil,54.012840388971526
2013,trn,oil,48.83729003430806
1999,trn,oil,24.948547301321035
2002,trn,oil,22.989953204398493
2017,trn,oil,53.2472197675629
2016,trn,oil,50.660834189287286
2015,trn,oil,52.73906032990962
1998,trn,oil,24.48291466305204
2004,trn,oil,24.170519408176617
2000,trn,oil,24.0704673154754
1997,trn,oil,24.648255699131028
2007,trn,oil,28.061076485294123
2010,trn,oil,36.73550264541783
2003,trn,oil,23.43424077742528
2011,trn,oil,42.519021668017956
2001,trn,oil,23.429719781770345
2008,trd,oil,10.365171476838137
2009,trd,oil,7.49278537458141
2005,trd,oil,5.78688926904278
2006,trd,oil,7.060019861297339
2012,trd,oil,12.582214591563543
2014,trd,oil,13.020168109517956
2013,trd,oil,13.446957034821738
1999,trd,oil,3.370696774221326
2002,trd,oil,3.055639841165363
2017,trd,oil,10.26188981014712
2016,trd,oil,8.81723757785949
2015,trd,oil,9.993932881359337
1998,trd,oil,3.203374998297402
2004,trd,oil,5.018813765074839
2000,trd,oil,4.1012682935078235
1997,trd,oil,3.7640791785141285
2007,trd,oil,8.121491694642142
2010,trd,oil,8.518514619683094
2003,trd,oil,3.967765380335812
2011,trd,oil,11.139512890481063
2001,trd,oil,3.5914127980655888
2008,trn,hos,-9.974935064076106e-9
2009,trn,hos,-9.974935873922768e-9
2005,trn,hos,-9.974934896774901e-9
2006,trn,hos,-9.974934936099726e-9
2012,trn,hos,-9.990907430449713e-9
2014,trn,hos,-9.990907539596683e-9
2013,trn,hos,-9.990907589228125e-9
1999,trn,hos,-9.974934575771419e-9
2002,trn,hos,-9.990906765694645e-9
2017,trn,hos,-9.990907478036969e-9
2016,trn,hos,-9.974936524337586e-9
2015,trn,hos,-9.974936523816028e-9
1998,trn,hos,-9.974935359507028e-9
2004,trn,hos,-9.974934597060073e-9
2000,trn,hos,-9.990906979866179e-9
1997,trn,hos,-9.974936587088847e-9
2007,trn,hos,-9.974934684848848e-9
2010,trn,hos,-9.974935132343783e-9
2003,trn,hos,-9.990906869668129e-9
2011,trn,hos,-9.974935101490134e-9
2001,trn,hos,-9.990906942469574e-9
2008,trd,hos,-9.974939512443846e-9
2009,trd,hos,-9.974940194924151e-9
2005,trd,hos,-9.974939403380411e-9
2006,trd,hos,-9.974939347548802e-9
2012,trd,hos,-9.99090852773506e-9
2014,trd,hos,-9.99090851269302e-9
2013,trd,hos,-9.990908520538718e-9
1999,trd,hos,-9.97493894865043e-9
2002,trd,hos,-9.990908431889871e-9
2017,trd,hos,-9.990908440785276e-9
2016,trd,hos,-9.974939228754011e-9
2015,trd,hos,-9.974939237872546e-9
1998,trd,hos,-9.974938981566304e-9
2004,trd,hos,-9.974939275848975e-9
2000,trd,hos,-9.990908421869849e-9
1997,trd,hos,-9.974938908500697e-9
2007,trd,hos,-9.974939207719862e-9
2010,trd,hos,-9.97493937852215e-9
2003,trd,hos,-9.990908468414638e-9
2011,trd,hos,-9.974939357941625e-9
2001,trd,hos,-9.990908595431141e-9
2008,trn,rnt,-9.974935241146418e-9
2009,trn,rnt,-9.97493560368537e-9
2005,trn,rnt,-9.974934779973748e-9
2006,trn,rnt,-9.974934806504253e-9
2012,trn,rnt,-9.990907371874294e-9
2014,trn,rnt,-9.990907483834044e-9
2013,trn,rnt,-9.990907532151215e-9
1999,trn,rnt,-9.974934514763992e-9
2002,trn,rnt,-9.99090675558676e-9
2017,trn,rnt,-9.990907422656284e-9
2016,trn,rnt,-9.974936373883553e-9
2015,trn,rnt,-9.974936397336877e-9
1998,trn,rnt,-9.974935232475039e-9
2004,trn,rnt,-9.974934476138417e-9
2000,trn,rnt,-9.990907003531825e-9
1997,trn,rnt,-9.974936464906397e-9
2007,trn,rnt,-9.974934617240402e-9
2010,trn,rnt,-9.974934978143239e-9
2003,trn,rnt,-9.990906830258808e-9
2011,trn,rnt,-9.974935029122653e-9
2001,trn,rnt,-9.990906904230329e-9
2008,trd,rnt,-9.974939689451312e-9
2009,trd,rnt,-9.974939924779921e-9
2005,trd,rnt,-9.974939286621256e-9
2006,trd,rnt,-9.974939217998943e-9
2012,trd,rnt,-9.990908469173778e-9
2014,trd,rnt,-9.990908456942316e-9
2013,trd,rnt,-9.9909084634735e-9
1999,trd,rnt,-9.974938887664289e-9
2002,trd,rnt,-9.990908421785691e-9
2017,trd,rnt,-9.990908385416318e-9
2016,trd,rnt,-9.974939078332448e-9
2015,trd,rnt,-9.974939111420786e-9
1998,trd,rnt,-9.974938854571026e-9
2004,trd,rnt,-9.974939154972457e-9
2000,trd,rnt,-9.99090844552799e-9
1997,trd,rnt,-9.974938786340881e-9
2007,trd,rnt,-9.974939140135813e-9
2010,trd,rnt,-9.974939224373847e-9
2003,trd,rnt,-9.990908429019172e-9
2011,trd,rnt,-9.974939285598718e-9
2001,trd,rnt,-9.990908557205798e-9
2008,trn,pla,5.098731332693019
2009,trn,pla,4.130471530942181
2005,trn,pla,4.769387730486317
2006,trn,pla,5.07890218849477
2012,trn,pla,5.1449670549226205
2014,trn,pla,5.837808538373538
2013,trn,pla,5.395829247932216
1999,trn,pla,4.2248038522114735
2002,trn,pla,3.6420796679965393
2017,trn,pla,6.2489259116968805
2016,trn,pla,6.091230366549199
2015,trn,pla,6.281826503914211
1998,trn,pla,3.8986469573959015
2004,trn,pla,4.322234640556149
2000,trn,pla,4.359101958208501
1997,trn,pla,3.5474040308739627
2007,trn,pla,5.326804438137904
2010,trn,pla,4.072581412659602
2003,trn,pla,3.853393875102423
2011,trn,pla,4.532367866303946
2001,trn,pla,3.946158484762801
2008,trd,pla,68.14560141629947
2009,trd,pla,61.90613186870012
2005,trd,pla,59.37143099243998
2006,trd,pla,64.79617118251947
2012,trd,pla,83.60546432841427
2014,trd,pla,91.62677115846247
2013,trd,pla,87.11638682954666
1999,trd,pla,46.11949495243048
2002,trd,pla,47.75429011029949
2017,trd,pla,96.68187945762377
2016,trd,pla,95.11963222575156
2015,trd,pla,94.0515195992854
1998,trd,pla,42.851862033952116
2004,trd,pla,54.48566076150046
2000,trd,pla,47.19295552443189
1997,trd,pla,43.14212423444463
2007,trd,pla,66.7691276436812
2010,trd,pla,68.87284057676338
2003,trd,pla,49.08935932587059
2011,trd,pla,74.16616821930265
2001,trd,pla,46.45904063907932
2008,trn,fof,3.018664974591096
2009,trn,fof,2.73263164470363
2005,trn,fof,3.3840001872564915
2006,trn,fof,3.500372087181319
2012,trn,fof,3.2531439256301478
2014,trn,fof,3.5819234516143763
2013,trn,fof,3.3075394623549594
1999,trn,fof,2.6062313577031895
2002,trn,fof,2.107755412257301
2017,trn,fof,4.5452773211333
2016,trn,fof,4.486982792574257
2015,trn,fof,4.142249358000807
1998,trn,fof,2.412413874801154
2004,trn,fof,2.966806089764046
2000,trn,fof,2.0885906984292713
1997,trn,fof,2.094708758147967
2007,trn,fof,2.924371955502143
2010,trn,fof,3.0359647875258275
2003,trn,fof,2.437737487264014
2011,trn,fof,3.2836635568378223
2001,trn,fof,2.261417144550987
2008,trd,fof,6.984535145690337
2009,trd,fof,5.581143934532913
2005,trd,fof,7.3996998968652195
2006,trd,fof,7.398535404323241
2012,trd,fof,9.664594323998916
2014,trd,fof,10.503284123717004
2013,trd,fof,9.687396512439747
1999,trd,fof,7.173747016589905
2002,trd,fof,6.814486677699616
2017,trd,fof,10.50908140573715
2016,trd,fof,9.417880942031243
2015,trd,fof,9.243083992371501
1998,trd,fof,6.328199095549492
2004,trd,fof,7.3191612754037285
2000,trd,fof,6.433461522405534
1997,trd,fof,6.360878545440485
2007,trd,fof,7.17052883253655
2010,trd,fof,7.828452100650457
2003,trd,fof,6.779199377544402
2011,trd,fof,9.805964804441567
2001,trd,fof,6.022091641762636
2008,trn,fin,-9.974935687157402e-9
2009,trn,fin,-9.974935698895384e-9
2005,trn,fin,-9.97493473284496e-9
2006,trn,fin,-9.974934755014903e-9
2012,trn,fin,-9.99090737167938e-9
2014,trn,fin,-9.990907481438757e-9
2013,trn,fin,-9.990907521239426e-9
1999,trn,fin,-9.97493444455695e-9
2002,trn,fin,-9.990906714385693e-9
2017,trn,fin,-9.990907405006106e-9
2016,trn,fin,-9.974936323223357e-9
2015,trn,fin,-9.974936362565124e-9
1998,trn,fin,-9.974935205771111e-9
2004,trn,fin,-9.974934425873763e-9
2000,trn,fin,-9.990906970124318e-9
1997,trn,fin,-9.974936441297068e-9
2007,trn,fin,-9.974934675282563e-9
2010,trn,fin,-9.974934990441073e-9
2003,trn,fin,-9.990906814092448e-9
2011,trn,fin,-9.974935163425351e-9
2001,trn,fin,-9.99090687886274e-9
2008,trd,fin,-9.974940135304003e-9
2009,trd,fin,-9.974940019957111e-9
2005,trd,fin,-9.974939239509414e-9
2006,trd,fin,-9.974939166527717e-9
2012,trd,fin,-9.990908468978913e-9
2014,trd,fin,-9.990908454547543e-9
2013,trd,fin,-9.990908452563945e-9
1999,trd,fin,-9.97493881748174e-9
2002,trd,fin,-9.990908380599722e-9
2017,trd,fin,-9.990908367769876e-9
2016,trd,fin,-9.974939027683183e-9
2015,trd,fin,-9.974939076656563e-9
1998,trd,fin,-9.974938827874814e-9
2004,trd,fin,-9.974939104726567e-9
2000,trd,fin,-9.990908412131077e-9
1997,trd,fin,-9.974938762735924e-9
2007,trd,fin,-9.97493919815703e-9
2010,trd,fin,-9.974939236667516e-9
2003,trd,fin,-9.990908412858498e-9
2011,trd,fin,-9.974939419855808e-9
2001,trd,fin,-9.99090853184743e-9
2008,trn,tsv,-9.974935154363682e-9
2009,trn,tsv,-9.974935624643819e-9
2005,trn,tsv,-9.974934757645546e-9
2006,trn,tsv,-9.974934797993269e-9
2012,trn,tsv,-9.990907377129972e-9
2014,trn,tsv,-9.990907490133421e-9
2013,trn,tsv,-9.990907538031573e-9
1999,trn,tsv,-9.974934529956299e-9
2002,trn,tsv,-9.990906722503237e-9
2017,trn,tsv,-9.990907434018061e-9
2016,trn,tsv,-9.97493639998926e-9
2015,trn,tsv,-9.974936416483855e-9
1998,trn,tsv,-9.974935234473608e-9
2004,trn,tsv,-9.974934444502763e-9
2000,trn,tsv,-9.990907017386456e-9
1997,trn,tsv,-9.97493646598805e-9
2007,trn,tsv,-9.97493458899043e-9
2010,trn,tsv,-9.974934979547183e-9
2003,trn,tsv,-9.990906816940732e-9
2011,trn,tsv,-9.974935013648903e-9
2001,trn,tsv,-9.99090690870789e-9
2008,trd,tsv,-9.974939602699377e-9
2009,trd,tsv,-9.974939945731146e-9
2005,trd,tsv,-9.974939264301082e-9
2006,trd,tsv,-9.974939209490955e-9
2012,trd,tsv,-9.990908474428188e-9
2014,trd,tsv,-9.990908463240344e-9
2013,trd,tsv,-9.990908469352654e-9
1999,trd,tsv,-9.974938902851294e-9
2002,trd,tsv,-9.99090838871429e-9
2017,trd,tsv,-9.990908396775689e-9
2016,trd,tsv,-9.974939104432519e-9
2015,trd,tsv,-9.974939130563616e-9
1998,trd,tsv,-9.974938856569016e-9
2004,trd,tsv,-9.974939123348613e-9
2000,trd,tsv,-9.990908459378228e-9
1997,trd,tsv,-9.974938787422332e-9
2007,trd,tsv,-9.974939111896036e-9
2010,trd,tsv,-9.974939225777314e-9
2003,trd,tsv,-9.99090841570578e-9
2011,trd,tsv,-9.974939270130226e-9
2001,trd,tsv,-9.990908561681734e-9
2008,trn,nrs,-9.97493503370501e-9
2009,trn,nrs,-9.97493584916658e-9
2005,trn,nrs,-9.974934859423461e-9
2006,trn,nrs,-9.974934899993031e-9
2012,trn,nrs,-9.990907417619429e-9
2014,trn,nrs,-9.990907527179926e-9
2013,trn,nrs,-9.990907576572985e-9
1999,trn,nrs,-9.97493453786163e-9
2002,trn,nrs,-9.990906752460345e-9
2017,trn,nrs,-9.990907466887424e-9
2016,trn,nrs,-9.974936490862708e-9
2015,trn,nrs,-9.974936492145764e-9
1998,trn,nrs,-9.974935327457047e-9
2004,trn,nrs,-9.974934558572114e-9
2000,trn,nrs,-9.990906964782218e-9
1997,trn,nrs,-9.974936556819923e-9
2007,trn,nrs,-9.974934648285026e-9
2010,trn,nrs,-9.974935096213539e-9
2003,trn,nrs,-9.990906857424264e-9
2011,trn,nrs,-9.974935063389705e-9
2001,trn,nrs,-9.990906929226837e-9
2008,trd,nrs,-9.974939482083528e-9
2009,trd,nrs,-9.974940170176497e-9
2005,trd,nrs,-9.974939366042402e-9
2006,trd,nrs,-9.974939311454816e-9
2012,trd,nrs,-9.990908514907873e-9
2014,trd,nrs,-9.990908500278921e-9
2013,trd,nrs,-9.99090850788617e-9
1999,trd,nrs,-9.974938910753868e-9
2002,trd,nrs,-9.990908418660421e-9
2017,trd,nrs,-9.990908429638092e-9
2016,trd,nrs,-9.974939195286358e-9
2015,trd,nrs,-9.974939206209139e-9
1998,trd,nrs,-9.974938949525585e-9
2004,trd,nrs,-9.974939237375384e-9
2000,trd,nrs,-9.990908406790672e-9
1997,trd,nrs,-9.97493887823738e-9
2007,trd,nrs,-9.974939171169236e-9
2010,trd,nrs,-9.974939342404146e-9
2003,trd,nrs,-9.990908456175078e-9
2011,trd,nrs,-9.974939319854135e-9
2001,trd,nrs,-9.990908582193219e-9
2008,trn,sec,-9.974940062971191e-9
2009,trn,sec,-9.974934869591073e-9
2005,trn,sec,-9.97493398321361e-9
2006,trn,sec,-9.974933979389068e-9
2012,trn,sec,-9.99090708469081e-9
2014,trn,sec,-9.990907205825985e-9
2013,trn,sec,-9.990907184118339e-9
1999,trn,sec,-9.974934057819351e-9
2002,trn,sec,-9.990906483580746e-9
2017,trn,sec,-9.990907012777366e-9
2016,trn,sec,-9.974935308989831e-9
2015,trn,sec,-9.974935636510582e-9
1998,trn,sec,-9.974934493224304e-9
2004,trn,sec,-9.974933639569657e-9
2000,trn,sec,-9.990907081920646e-9
1997,trn,sec,-9.974935749932747e-9
2007,trn,sec,-9.97493499030003e-9
2010,trn,sec,-9.974934454806543e-9
2003,trn,sec,-9.990906559398918e-9
2011,trn,sec,-9.974935955668292e-9
2001,trn,sec,-9.990906607963375e-9
2008,trd,sec,-9.974944509564918e-9
2009,trd,sec,-9.97493919093872e-9
2005,trd,sec,-9.974938490147607e-9
2006,trd,sec,-9.974938391174883e-9
2012,trd,sec,-9.990908182059604e-9
2014,trd,sec,-9.990908178993762e-9
2013,trd,sec,-9.990908115511918e-9
1999,trd,sec,-9.974938430879071e-9
2002,trd,sec,-9.99090814987935e-9
2017,trd,sec,-9.990907975624197e-9
2016,trd,sec,-9.974938013668528e-9
2015,trd,sec,-9.97493835075926e-9
1998,trd,sec,-9.974938115533936e-9
2004,trd,sec,-9.974938318715989e-9
2000,trd,sec,-9.990908523891951e-9
1997,trd,sec,-9.974938071499672e-9
2007,trd,sec,-9.97493951306082e-9
2010,trd,sec,-9.974938701214454e-9
2003,trd,sec,-9.990908158254521e-9
2011,trd,sec,-9.974940211829704e-9
2001,trd,sec,-9.99090826104655e-9
2008,trn,art,-9.974935030718979e-9
2009,trn,art,-9.97493572361724e-9
2005,trn,art,-9.974934760232621e-9
2006,trn,art,-9.974934806741595e-9
2012,trn,art,-9.990907382159294e-9
2014,trn,art,-9.990907492224941e-9
2013,trn,art,-9.990907540597695e-9
1999,trn,art,-9.974934397496345e-9
2002,trn,art,-9.990906713313361e-9
2017,trn,art,-9.99090743765591e-9
2016,trn,art,-9.974936409004938e-9
2015,trn,art,-9.974936406888222e-9
1998,trn,art,-9.974935208431759e-9
2004,trn,art,-9.97493444635237e-9
2000,trn,art,-9.990906936085797e-9
1997,trn,art,-9.974936401252187e-9
2007,trn,art,-9.974934572687878e-9
2010,trn,art,-9.974934994851948e-9
2003,trn,art,-9.990906814231983e-9
2011,trn,art,-9.97493498610297e-9
2001,trn,art,-9.990906887066722e-9
2008,trd,art,-9.974939479098558e-9
2009,trd,art,-9.974940044670442e-9
2005,trd,art,-9.974939266887228e-9
2006,trd,art,-9.974939218236201e-9
2012,trd,art,-9.990908479456297e-9
2014,trd,art,-9.990908465331417e-9
2013,trd,art,-9.990908471918251e-9
1999,trd,art,-9.974938770437555e-9
2002,trd,art,-9.990908379527782e-9
2017,trd,art,-9.990908400412767e-9
2016,trd,art,-9.974939113446251e-9
2015,trd,art,-9.974939120970061e-9
1998,trd,art,-9.974938830534694e-9
2004,trd,art,-9.974939125197528e-9
2000,trd,art,-9.990908378103352e-9
1997,trd,art,-9.974938722698462e-9
2007,trd,art,-9.974939095599366e-9
2010,trd,art,-9.974939241076895e-9
2003,trd,art,-9.990908412997984e-9
2011,trd,art,-9.974939242593646e-9
2001,trd,art,-9.990908540048431e-9
2008,trn,mov,0.28079468160367665
2009,trn,mov,0.19681794450601253
2005,trn,mov,0.337617573544371
2006,trn,mov,0.3251201547516521
2012,trn,mov,0.1444156298728926
2014,trn,mov,0.14247167724098458
2013,trn,mov,0.14210540029971838
1999,trn,mov,0.18945502202705022
2002,trn,mov,0.277397451205139
2017,trn,mov,0.14715911992319533
2016,trn,mov,0.13296666331354817
2015,trn,mov,0.1362379031952284
1998,trn,mov,0.16237808614216656
2004,trn,mov,0.3134533860480098
2000,trn,mov,0.28445559185343977
1997,trn,mov,0.14902169656525235
2007,trn,mov,0.28480105299053166
2010,trn,mov,0.14759794583206204
2003,trn,mov,0.2626971448313267
2011,trn,mov,0.13089163497448417
2001,trn,mov,0.23842302077132183
2008,trd,mov,8.375733504204554
2009,trd,mov,7.345659307514682
2005,trd,mov,8.886554325882479
2006,trd,mov,8.373353875894619
2012,trd,mov,9.193922040378471
2014,trd,mov,9.144212598074443
2013,trd,mov,9.23902511279655
1999,trd,mov,6.760038322498542
2002,trd,mov,8.554427362876693
2017,trd,mov,10.408632161203832
2016,trd,mov,9.661204347024743
2015,trd,mov,9.40369425902835
1998,trd,mov,5.996236146284678
2004,trd,mov,8.657328453404594
2000,trd,mov,8.163389669656382
1997,trd,mov,5.525894263333221
2007,trd,mov,8.850251336273422
2010,trd,mov,8.216068668237787
2003,trd,mov,8.148528653088157
2011,trd,mov,8.646942999316975
2001,trd,mov,8.282272424884356
2008,trn,fpd,15.706053788883306
2009,trn,fpd,11.773110535209756
2005,trn,fpd,16.135998763230045
2006,trn,fpd,16.25434463617953
2012,trn,fpd,13.541800898394802
2014,trn,fpd,15.30581059487154
2013,trn,fpd,13.975263503493704
1999,trn,fpd,10.543273872713653
2002,trn,fpd,11.530521257233271
2017,trn,fpd,14.765056577467998
2016,trn,fpd,13.72533637143697
2015,trn,fpd,13.805846209450083
1998,trn,fpd,9.216749665203665
2004,trn,fpd,14.177313222776519
2000,trn,fpd,10.683507737314827
1997,trn,fpd,8.621508138402964
2007,trn,fpd,15.219243261829195
2010,trn,fpd,11.31823352441846
2003,trn,fpd,11.780622435857316
2011,trn,fpd,12.348425117579877
2001,trn,fpd,11.21087216889961
2008,trd,fpd,56.17973906554125
2009,trd,fpd,44.393361584080495
2005,trd,fpd,53.3062683157142
2006,trd,fpd,56.590161176870694
2012,trd,fpd,63.41857678806065
2014,trd,fpd,71.91661203008455
2013,trd,fpd,68.70520560266506
1999,trd,fpd,36.87847927736476
2002,trd,fpd,41.94289364491642
2017,trd,fpd,84.08596057519232
2016,trd,fpd,79.15092262832124
2015,trd,fpd,78.02491808636678
1998,trd,fpd,33.79445326291445
2004,trd,fpd,49.81299274287655
2000,trd,fpd,40.37088468906675
1997,trd,fpd,32.0550562017608
2007,trd,fpd,60.93763401021469
2010,trd,fpd,54.98260391815666
2003,trd,fpd,43.574646558198225
2011,trd,fpd,62.12924336329383
2001,trd,fpd,37.873606586990206
2008,trn,slg,-9.974935088972897e-9
2009,trn,slg,-9.974935901327257e-9
2005,trn,slg,-9.974934914468943e-9
2006,trn,slg,-9.974934954781503e-9
2012,trn,slg,-9.99090743895647e-9
2014,trn,slg,-9.990907548425172e-9
2013,trn,slg,-9.990907597636752e-9
1999,trn,slg,-9.974934595249023e-9
2002,trn,slg,-9.990906771390445e-9
2017,trn,slg,-9.990907485841438e-9
2016,trn,slg,-9.974936548376372e-9
2015,trn,slg,-9.974936547437972e-9
1998,trn,slg,-9.974935379872913e-9
2004,trn,slg,-9.97493461394787e-9
2000,trn,slg,-9.990906988430753e-9
1997,trn,slg,-9.974936608371693e-9
2007,trn,slg,-9.974934704256348e-9
2010,trn,slg,-9.974935154938321e-9
2003,trn,slg,-9.990906875656616e-9
2011,trn,slg,-9.974935125103435e-9
2001,trn,slg,-9.990906950241422e-9
2008,trd,slg,-9.9749395373318e-9
2009,trd,slg,-9.974940222319192e-9
2005,trd,slg,-9.974939421068092e-9
2006,trd,slg,-9.974939366224003e-9
2012,trd,slg,-9.990908536239764e-9
2014,trd,slg,-9.99090852151962e-9
2013,trd,slg,-9.990908528945623e-9
1999,trd,slg,-9.974938968121239e-9
2002,trd,slg,-9.990908437583584e-9
2017,trd,slg,-9.990908448588092e-9
2016,trd,slg,-9.974939252787612e-9
2015,trd,slg,-9.974939261489373e-9
1998,trd,slg,-9.974939001926302e-9
2004,trd,slg,-9.97493929273047e-9
2000,trd,slg,-9.990908430431707e-9
1997,trd,slg,-9.974938929779601e-9
2007,trd,slg,-9.97493922712036e-9
2010,trd,slg,-9.974939401109033e-9
2003,trd,slg,-9.990908474401017e-9
2011,trd,slg,-9.974939381546906e-9
2001,trd,slg,-9.990908603200165e-9
2008,trn,pri,3.6231173482634085
2009,trn,pri,2.801499597026593
2005,trn,pri,2.9621779965487476
2006,trn,pri,3.068002909418899
2012,trn,pri,3.403229873796487
2014,trn,pri,3.42423361199016
2013,trn,pri,3.3583287625346157
1999,trn,pri,1.9271394538931788
2002,trn,pri,2.9405327288384338
2017,trn,pri,3.3634725334432507
2016,trn,pri,3.0680984950746755
2015,trn,pri,2.916969015880982
1998,trn,pri,1.9756863898583232
2004,trn,pri,2.914550109339403
2000,trn,pri,0.7662948449077036
1997,trn,pri,2.516507858676901
2007,trn,pri,3.3703305803210597
2010,trn,pri,2.9777924110079703
2003,trn,pri,3.0105755896216
2011,trn,pri,3.248531080859352
2001,trn,pri,3.1197567845511815
2008,trd,pri,11.320945487448776
2009,trd,pri,10.872134182526299
2005,trd,pri,9.919618066608772
2006,trd,pri,10.96898867628552
2012,trd,pri,12.53924386530054
2014,trd,pri,13.484412860385875
2013,trd,pri,12.88190536330807
1999,trd,pri,8.518591857155307
2002,trd,pri,8.714763491523177
2017,trd,pri,14.493986271184763
2016,trd,pri,14.981156561228815
2015,trd,pri,14.025672139638349
1998,trd,pri,8.470189952621777
2004,trd,pri,9.626120835788441
2000,trd,pri,8.918563933884048
1997,trd,pri,8.009849316986296
2007,trd,pri,10.334054193909784
2010,trd,pri,11.287638804385871
2003,trd,pri,8.933396401158129
2011,trd,pri,12.376909987971692
2001,trd,pri,9.020208044893895
2008,trn,grd,-9.974935214512671e-9
2009,trn,grd,-9.974935775822549e-9
2005,trn,grd,-9.974934851744698e-9
2006,trn,grd,-9.974934887003144e-9
2012,trn,grd,-9.990907404477617e-9
2014,trn,grd,-9.990907511615916e-9
2013,trn,grd,-9.990907563253722e-9
1999,trn,grd,-9.974934576616048e-9
2002,trn,grd,-9.990906750012091e-9
2017,trn,grd,-9.990907444213123e-9
2016,trn,grd,-9.97493644631969e-9
2015,trn,grd,-9.974936454992512e-9
1998,trn,grd,-9.974935325499663e-9
2004,trn,grd,-9.974934537994156e-9
2000,trn,grd,-9.990907008314651e-9
1997,trn,grd,-9.974936556304817e-9
2007,trn,grd,-9.974934669219005e-9
2010,trn,grd,-9.974935075242943e-9
2003,trn,grd,-9.990906851089601e-9
2011,trn,grd,-9.974935087263687e-9
2001,trn,grd,-9.990906932745743e-9
2008,trd,grd,-9.974939662827018e-9
2009,trd,grd,-9.974940096857753e-9
2005,trd,grd,-9.974939358366399e-9
2006,trd,grd,-9.9749392984695e-9
2012,trd,grd,-9.990908501769232e-9
2014,trd,grd,-9.990908484718242e-9
2013,trd,grd,-9.990908494569636e-9
1999,trd,grd,-9.974938949494764e-9
2002,trd,grd,-9.990908416213063e-9
2017,trd,grd,-9.990908406968592e-9
2016,trd,grd,-9.974939150752952e-9
2015,trd,grd,-9.974939169063934e-9
1998,trd,grd,-9.974938947568767e-9
2004,trd,grd,-9.974939216805106e-9
2000,trd,grd,-9.990908450309297e-9
1997,trd,grd,-9.97493887772237e-9
2007,trd,grd,-9.974939192095661e-9
2010,trd,grd,-9.974939321440654e-9
2003,trd,grd,-9.990908449842642e-9
2011,trd,grd,-9.97493934372001e-9
2001,trd,grd,-9.990908585710846e-9
2008,trn,pip,-9.974938208722363e-9
2009,trn,pip,-9.974938439814281e-9
2005,trn,pip,-9.97493787346622e-9
2006,trn,pip,-9.974937963630774e-9
2012,trn,pip,-9.99090832444094e-9
2014,trn,pip,-9.990908314361474e-9
2013,trn,pip,-9.990908332984473e-9
1999,trn,pip,-9.974936958009892e-9
2002,trn,pip,-9.990907909782751e-9
2017,trn,pip,-9.990908300105387e-9
2016,trn,pip,-9.974938822917312e-9
2015,trn,pip,-9.974938905231173e-9
1998,trn,pip,-9.974937672816488e-9
2004,trn,pip,-9.974937719828777e-9
2000,trn,pip,-9.990907895168518e-9
1997,trn,pip,-9.974937934362173e-9
2007,trn,pip,-9.974937843693258e-9
2010,trn,pip,-9.974938155437368e-9
2003,trn,pip,-9.99090799311477e-9
2011,trn,pip,-9.974938163728593e-9
2001,trn,pip,-9.990907982695794e-9
2008,trd,pip,-9.974942655974088e-9
2009,trd,pip,-9.974942759931077e-9
2005,trd,pip,-9.974942379001496e-9
2006,trd,pip,-9.974942374014318e-9
2012,trd,pip,-9.990909421510537e-9
2014,trd,pip,-9.990909287291992e-9
2013,trd,pip,-9.990909264142719e-9
1999,trd,pip,-9.97494133005781e-9
2002,trd,pip,-9.99090957555877e-9
2017,trd,pip,-9.990909262679623e-9
2016,trd,pip,-9.974941526837742e-9
2015,trd,pip,-9.97494161877199e-9
1998,trd,pip,-9.974941294207255e-9
2004,trd,pip,-9.974942397452047e-9
2000,trd,pip,-9.990909336881921e-9
1997,trd,pip,-9.974940255524468e-9
2007,trd,pip,-9.974942365424462e-9
2010,trd,pip,-9.974942400591614e-9
2003,trd,pip,-9.990909591466291e-9
2011,trd,pip,-9.974942419140193e-9
2001,trd,pip,-9.990909635279228e-9
2008,trn,sle,-9.974935062840153e-9
2009,trn,sle,-9.974935762132533e-9
2005,trn,sle,-9.974934853000381e-9
2006,trn,sle,-9.974934895119438e-9
2012,trn,sle,-9.990907397901683e-9
2014,trn,sle,-9.990907504580486e-9
2013,trn,sle,-9.990907558869571e-9
1999,trn,sle,-9.974934550260338e-9
2002,trn,sle,-9.990906750040774e-9
2017,trn,sle,-9.990907438929593e-9
2016,trn,sle,-9.974936434961506e-9
2015,trn,sle,-9.974936440784155e-9
1998,trn,sle,-9.974935335335176e-9
2004,trn,sle,-9.974934559129362e-9
2000,trn,sle,-9.990906970816155e-9
1997,trn,sle,-9.97493655638716e-9
2007,trn,sle,-9.974934652450685e-9
2010,trn,sle,-9.97493508070466e-9
2003,trn,sle,-9.9909068555499e-9
2011,trn,sle,-9.974935052476696e-9
2001,trn,sle,-9.990906922616125e-9
2008,trd,sle,-9.97493951120833e-9
2009,trd,sle,-9.974940083172457e-9
2005,trd,sle,-9.97493935962163e-9
2006,trd,sle,-9.974939306582939e-9
2012,trd,sle,-9.990908495194885e-9
2014,trd,sle,-9.990908477684317e-9
2013,trd,sle,-9.990908490186383e-9
1999,trd,sle,-9.97493892314825e-9
2002,trd,sle,-9.990908416241737e-9
2017,trd,sle,-9.990908401686182e-9
2016,trd,sle,-9.97493913939722e-9
2015,trd,sle,-9.974939154858653e-9
1998,trd,sle,-9.974938957401436e-9
2004,trd,sle,-9.974939237932424e-9
2000,trd,sle,-9.990908412822695e-9
1997,trd,sle,-9.974938877804698e-9
2007,trd,sle,-9.97493917533339e-9
2010,trd,sle,-9.974939326900521e-9
2003,trd,sle,-9.990908454301372e-9
2011,trd,sle,-9.97493930894483e-9
2001,trd,sle,-9.990908575584911e-9
2008,trn,osv,-9.974935144283658e-9
2009,trn,osv,-9.974935616905791e-9
2005,trn,osv,-9.974934858388534e-9
2006,trn,osv,-9.974934905510096e-9
2012,trn,osv,-9.990907372683758e-9
2014,trn,osv,-9.990907464507806e-9
2013,trn,osv,-9.99090753762013e-9
1999,trn,osv,-9.974934568068187e-9
2002,trn,osv,-9.990906762128907e-9
2017,trn,osv,-9.990907385296615e-9
2016,trn,osv,-9.974936272773929e-9
2015,trn,osv,-9.974936284869877e-9
1998,trn,osv,-9.974935363472749e-9
2004,trn,osv,-9.974934562517486e-9
2000,trn,osv,-9.99090699393941e-9
1997,trn,osv,-9.974936589681022e-9
2007,trn,osv,-9.97493468608178e-9
2010,trn,osv,-9.97493510185869e-9
2003,trn,osv,-9.9909068474412e-9
2011,trn,osv,-9.974935028756247e-9
2001,trn,osv,-9.990906911283796e-9
2008,trd,osv,-9.97493959262293e-9
2009,trd,osv,-9.974939937995784e-9
2005,trd,osv,-9.974939365007847e-9
2006,trd,osv,-9.974939316969938e-9
2012,trd,osv,-9.990908469983047e-9
2014,trd,osv,-9.990908437620214e-9
2013,trd,osv,-9.990908468941296e-9
1999,trd,osv,-9.974938940949886e-9
2002,trd,osv,-9.99090842832544e-9
2017,trd,osv,-9.99090834806456e-9
2016,trd,osv,-9.974938977244642e-9
2015,trd,osv,-9.974938998978141e-9
1998,trd,osv,-9.974938985530878e-9
2004,trd,osv,-9.974939241319282e-9
2000,trd,osv,-9.990908435938616e-9
1997,trd,osv,-9.974938911092393e-9
2007,trd,osv,-9.97493920895235e-9
2010,trd,osv,-9.974939348047385e-9
2003,trd,osv,-9.990908446195523e-9
2011,trd,osv,-9.974939285232438e-9
2001,trd,osv,-9.9909085642567e-9
2008,trn,trn,-9.974937696336721e-9
2009,trn,trn,-9.97493784084242e-9
2005,trn,trn,-9.974937488972564e-9
2006,trn,trn,-9.974937541608373e-9
2012,trn,trn,-9.990908170244722e-9
2014,trn,trn,-9.99090820503892e-9
2013,trn,trn,-9.990908254883452e-9
1999,trn,trn,-9.9749373935096e-9
2002,trn,trn,-9.990907760003042e-9
2017,trn,trn,-9.990908147431867e-9
2016,trn,trn,-9.974938434632218e-9
2015,trn,trn,-9.974938438027068e-9
1998,trn,trn,-9.974937828296234e-9
2004,trn,trn,-9.974937303856559e-9
2000,trn,trn,-9.990907891214265e-9
1997,trn,trn,-9.974938474040196e-9
2007,trn,trn,-9.97493746143886e-9
2010,trn,trn,-9.974937535321469e-9
2003,trn,trn,-9.990907829309388e-9
2011,trn,trn,-9.974937644706023e-9
2001,trn,trn,-9.990907883835389e-9
2008,trd,trn,-9.974942143770278e-9
2009,trd,trn,-9.974942161165701e-9
2005,trd,trn,-9.974941994646073e-9
2006,trd,trn,-9.974941952140438e-9
2012,trd,trn,-9.990909267351531e-9
2014,trd,trn,-9.990909177992836e-9
2013,trd,trn,-9.990909186057696e-9
1999,trd,trn,-9.974941765405594e-9
2002,trd,trn,-9.990909425833938e-9
2017,trd,trn,-9.99090911003843e-9
2016,trd,trn,-9.97494113863643e-9
2015,trd,trn,-9.974941151669054e-9
1998,trd,trn,-9.974941449642073e-9
2004,trd,trn,-9.974941981635091e-9
2000,trd,trn,-9.990909332928923e-9
1997,trd,trn,-9.974940795102531e-9
2007,trd,trn,-9.974941983307985e-9
2010,trd,trn,-9.974941780685779e-9
2003,trd,trn,-9.990909427718497e-9
2011,trd,trn,-9.974941900293867e-9
2001,trd,trn,-9.990909536454757e-9
2008,trn,smn,-9.974935001259544e-9
2009,trn,smn,-9.974935629392089e-9
2005,trn,smn,-9.974934564644167e-9
2006,trn,smn,-9.97493473925061e-9
2012,trn,smn,-9.990907390903248e-9
2014,trn,smn,-9.990907517393484e-9
2013,trn,smn,-9.990907565232115e-9
1999,trn,smn,-9.974934196471936e-9
2002,trn,smn,-9.990906639938613e-9
2017,trn,smn,-9.990907414282721e-9
2016,trn,smn,-9.974936350185519e-9
2015,trn,smn,-9.974936428952329e-9
1998,trn,smn,-9.974934859739171e-9
2004,trn,smn,-9.974934199786454e-9
2000,trn,smn,-9.990906786350754e-9
1997,trn,smn,-9.974936367091464e-9
2007,trn,smn,-9.974934627740756e-9
2010,trn,smn,-9.974934936315643e-9
2003,trn,smn,-9.990906799344441e-9
2011,trn,smn,-9.974934888504377e-9
2001,trn,smn,-9.990906853456904e-9
2008,trd,smn,-9.974939449649576e-9
2009,trd,smn,-9.974939950477778e-9
2005,trd,smn,-9.9749390713691e-9
2006,trd,smn,-9.974939150768972e-9
2012,trd,smn,-9.99090848819814e-9
2014,trd,smn,-9.990908490494574e-9
2013,trd,smn,-9.990908496547623e-9
1999,trd,smn,-9.974938569483281e-9
2002,trd,smn,-9.990908306179921e-9
2017,trd,smn,-9.990908377044528e-9
2016,trd,smn,-9.974939054639527e-9
2015,trd,smn,-9.97493914302939e-9
1998,trd,smn,-9.974938481942879e-9
2004,trd,smn,-9.974938878723654e-9
2000,trd,smn,-9.990908228415797e-9
1997,trd,smn,-9.974938688544067e-9
2007,trd,smn,-9.97493915063238e-9
2010,trd,smn,-9.974939182560423e-9
2003,trd,smn,-9.990908398115676e-9
2011,trd,smn,-9.974939145028199e-9
2001,trd,smn,-9.990908506450831e-9
2008,trn,fmt,9.092858245766605
2009,trn,fmt,7.214686929640012
2005,trn,fmt,7.025619162458299
2006,trn,fmt,7.944467944361099
2012,trn,fmt,11.217598199978239
2014,trn,fmt,12.962909748652278
2013,trn,fmt,11.46902904056866
1999,trn,fmt,4.381386590283094
2002,trn,fmt,6.064674668557974
2017,trn,fmt,12.793080634509426
2016,trn,fmt,12.34575693019581
2015,trn,fmt,12.983899298342708
1998,trn,fmt,4.680316552898618
2004,trn,fmt,6.446044538799273
2000,trn,fmt,5.118918524514657
1997,trn,fmt,4.356690551952855
2007,trn,fmt,8.549357238542456
2010,trn,fmt,9.522329171153869
2003,trn,fmt,5.970954202345345
2011,trn,fmt,10.09153507397349
2001,trn,fmt,5.411707170945206
2008,trd,fmt,76.46876765819951
2009,trd,fmt,64.10035386047149
2005,trd,fmt,64.68593868123644
2006,trd,fmt,71.25279984154068
2012,trd,fmt,85.47141446382652
2014,trd,fmt,91.95907758719947
2013,trd,fmt,88.22751663389651
1999,trd,fmt,44.36987892313859
2002,trd,fmt,48.49086066237658
2017,trd,fmt,104.44484379310828
2016,trd,fmt,96.47583738779048
2015,trd,fmt,94.21823473575812
1998,trd,fmt,42.09766834657909
2004,trd,fmt,57.89976239591729
2000,trd,fmt,47.34587582220262
1997,trd,fmt,41.25787872189897
2007,trd,fmt,75.23944391288873
2010,trd,fmt,70.72566227915162
2003,trd,fmt,51.50748163617736
2011,trd,fmt,79.2573564208768
2001,trd,fmt,46.59345453536713
2008,trn,pet,19.448506161123056
2009,trn,pet,17.746618955847666
2005,trn,pet,14.505610289083325
2006,trn,pet,15.993635720339414
2012,trn,pet,25.452508416950693
2014,trn,pet,28.61633830776257
2013,trn,pet,27.13193251431152
1999,trn,pet,9.957314969517626
2002,trn,pet,10.87541623294732
2017,trn,pet,29.51295564398127
2016,trn,pet,30.128368334684453
2015,trn,pet,31.474209251035656
1998,trn,pet,9.523846299663282
2004,trn,pet,12.668972900254634
2000,trn,pet,10.267672995837673
1997,trn,pet,8.796004391116174
2007,trn,pet,18.259635812663202
2010,trn,pet,20.878772816915117
2003,trn,pet,11.538609175333258
2011,trn,pet,24.105774070010813
2001,trn,pet,10.716518343606086
2008,trd,pet,127.27628776596954
2009,trd,pet,98.25845144333806
2005,trd,pet,97.60388059952939
2006,trd,pet,105.85234708087299
2012,trd,pet,132.16911061467184
2014,trd,pet,144.52217424579868
2013,trd,pet,140.7857526004889
1999,trd,pet,62.90502185889475
2002,trd,pet,64.02946860636351
2017,trd,pet,137.00654581934782
2016,trd,pet,123.04695439741984
2015,trd,pet,131.89458242767844
1998,trd,pet,61.26176058469425
2004,trd,pet,88.2307145441035
2000,trd,pet,71.43194763087253
1997,trd,pet,65.27927787805545
2007,trd,pet,111.56125745263628
2010,trd,pet,108.00304804785314
2003,trd,pet,76.78947690393643
2011,trd,pet,125.23218710308889
2001,trd,pet,69.74701561643859
2008,trn,mvt,0.0
2009,trn,mvt,0.0
2005,trn,mvt,0.0
2006,trn,mvt,0.0
2012,trn,mvt,0.0
2014,trn,mvt,0.0
2013,trn,mvt,0.0
1999,trn,mvt,0.0
2002,trn,mvt,0.0
2017,trn,mvt,0.0
2016,trn,mvt,0.0
2015,trn,mvt,0.0
1998,trn,mvt,0.0
2004,trn,mvt,0.0
2000,trn,mvt,0.0
1997,trn,mvt,0.0
2007,trn,mvt,0.0
2010,trn,mvt,0.0
2003,trn,mvt,0.0
2011,trn,mvt,0.0
2001,trn,mvt,0.0
2008,trd,mvt,0.0
2009,trd,mvt,0.0
2005,trd,mvt,0.0
2006,trd,mvt,0.0
2012,trd,mvt,0.0
2014,trd,mvt,0.0
2013,trd,mvt,0.0
1999,trd,mvt,0.0
2002,trd,mvt,0.0
2017,trd,mvt,0.0
2016,trd,mvt,0.0
2015,trd,mvt,0.0
1998,trd,mvt,0.0
2004,trd,mvt,0.0
2000,trd,mvt,0.0
1997,trd,mvt,0.0
2007,trd,mvt,0.0
2010,trd,mvt,0.0
2003,trd,mvt,0.0
2011,trd,mvt,0.0
2001,trd,mvt,0.0
2008,trn,cep,9.974723934948019
2009,trn,cep,7.090418272335531
2005,trn,cep,9.802882886569988
2006,trn,cep,10.70837000248783
2012,trn,cep,10.070032171821843
2014,trn,cep,10.727437560121366
2013,trn,cep,9.896635061348237
1999,trn,cep,7.196555264865663
2002,trn,cep,7.6226930896327705
2017,trn,cep,10.60490780625924
2016,trn,cep,10.031623157243763
2015,trn,cep,10.252843421867913
1998,trn,cep,6.725623466905596
2004,trn,cep,8.692789416894252
2000,trn,cep,11.066106088743812
1997,trn,cep,6.796517217975709
2007,trn,cep,10.143759558802069
2010,trn,cep,8.495193431423383
2003,trn,cep,7.689122987126995
2011,trn,cep,8.755506398857586
2001,trn,cep,7.350482130729276
2008,trd,cep,151.56245722578018
2009,trd,cep,139.35554149610618
2005,trd,cep,127.73994355447252
2006,trd,cep,140.83085882638684
2012,trd,cep,200.1770646762663
2014,trd,cep,212.7237789176175
2013,trd,cep,204.67485638568021
1999,trd,cep,105.65050139216801
2002,trd,cep,105.03835558550729
2017,trd,cep,228.36296663709354
2016,trd,cep,216.8584069264561
2015,trd,cep,220.11382027624973
1998,trd,cep,98.8956097291075
2004,trd,cep,118.90345241018606
2000,trd,cep,115.45149793770113
1997,trd,cep,94.8012096200822
2007,trd,cep,152.72949975014436
2010,trd,cep,167.64048873380818
2003,trd,cep,107.1281743730692
2011,trd,cep,182.06274193917116
2001,trd,cep,98.91014335538942
2008,trn,wst,-9.974935382877888e-9
2009,trn,wst,-9.97493593103206e-9
2005,trn,wst,-9.97493510043768e-9
2006,trn,wst,-9.974935170302816e-9
2012,trn,wst,-9.990907458055188e-9
2014,trn,wst,-9.990907564226412e-9
2013,trn,wst,-9.990907618084615e-9
1999,trn,wst,-9.97493505569944e-9
2002,trn,wst,-9.990906803689207e-9
2017,trn,wst,-9.990907503105236e-9
2016,trn,wst,-9.97493659593663e-9
2015,trn,wst,-9.974936611374296e-9
1998,trn,wst,-9.974935969291192e-9
2004,trn,wst,-9.974934776017388e-9
2000,trn,wst,-9.990907108025283e-9
1997,trn,wst,-9.97493731574883e-9
2007,trn,wst,-9.974934985259844e-9
2010,trn,wst,-9.974935298176442e-9
2003,trn,wst,-9.990906917530315e-9
2011,trn,wst,-9.97493524445223e-9
2001,trn,wst,-9.990907000936503e-9
2008,trd,wst,-9.974939831132482e-9
2009,trd,wst,-9.974940252013753e-9
2005,trd,wst,-9.974939606969962e-9
2006,trd,wst,-9.97493958166946e-9
2012,trd,wst,-9.990908555333872e-9
2014,trd,wst,-9.990908537317478e-9
2013,trd,wst,-9.990908549389297e-9
1999,trd,wst,-9.974939428411011e-9
2002,trd,wst,-9.990908469870511e-9
2017,trd,wst,-9.990908465848234e-9
2016,trd,wst,-9.974939300337606e-9
2015,trd,wst,-9.974939325411851e-9
1998,trd,wst,-9.974939591174243e-9
2004,trd,wst,-9.974939454739485e-9
2000,trd,wst,-9.990908549988308e-9
1997,trd,wst,-9.97493963702571e-9
2007,trd,wst,-9.974939508022456e-9
2010,trd,wst,-9.974939544298626e-9
2003,trd,wst,-9.990908516259994e-9
2011,trd,wst,-9.97493950085517e-9
2001,trd,wst,-9.990908653876817e-9
2008,trn,mot,12.43365273315498
2009,trn,mot,7.121766056024936
2005,trn,mot,13.594059058563635
2006,trn,mot,14.569658537660768
2012,trn,mot,14.557761392322737
2014,trn,mot,16.703646352926256
2013,trn,mot,15.386563196382331
1999,trn,mot,9.933185942497103
2002,trn,mot,9.650222300115484
2017,trn,mot,16.85712093762643
2016,trn,mot,15.824527609233185
2015,trn,mot,15.809989597757141
1998,trn,mot,8.912035166250792
2004,trn,mot,11.581038110447258
2000,trn,mot,14.216297759970978
1997,trn,mot,8.686513410965317
2007,trn,mot,13.88066150491737
2010,trn,mot,8.821161358310217
2003,trn,mot,10.010946155709213
2011,trn,mot,10.398529458242908
2001,trn,mot,8.553484756046572
2008,trd,mot,107.74299247264388
2009,trd,mot,79.42585020550817
2005,trd,mot,114.50784976209516
2006,trd,mot,122.18342501116378
2012,trd,mot,155.19756836680125
2014,trd,mot,177.2277990177581
2013,trd,mot,163.74670715071113
1999,trd,mot,96.60425877509674
2002,trd,mot,111.23747076910098
2017,trd,mot,206.90990922086735
2016,trd,mot,199.88290128238108
2015,trd,mot,192.33977546363334
1998,trd,mot,84.30598885564702
2004,trd,mot,115.61293344486818
2000,trd,mot,97.50114243512763
1997,trd,mot,83.7334224166204
2007,trd,mot,121.88238316817556
2010,trd,mot,123.47857142211308
2003,trd,mot,108.93107466516047
2011,trd,mot,132.07814609166164
2001,trd,mot,89.52445950950055
2008,trn,adm,-9.97493513914733e-9
2009,trn,adm,-9.97493560752509e-9
2005,trn,adm,-9.974934747318381e-9
2006,trn,adm,-9.974934789887911e-9
2012,trn,adm,-9.99090737707521e-9
2014,trn,adm,-9.990907487780971e-9
2013,trn,adm,-9.990907538097413e-9
1999,trn,adm,-9.974934500318424e-9
2002,trn,adm,-9.990906739207878e-9
2017,trn,adm,-9.990907429169317e-9
2016,trn,adm,-9.974936387943869e-9
2015,trn,adm,-9.974936407139941e-9
1998,trn,adm,-9.974935201860846e-9
2004,trn,adm,-9.974934426764644e-9
2000,trn,adm,-9.990907024607032e-9
1997,trn,adm,-9.974936433496356e-9
2007,trn,adm,-9.974934587303673e-9
2010,trn,adm,-9.974934980667971e-9
2003,trn,adm,-9.990906812213141e-9
2011,trn,adm,-9.974935002888831e-9
2001,trn,adm,-9.990906899957533e-9
2008,trd,adm,-9.974939587488426e-9
2009,trd,adm,-9.974939928618317e-9
2005,trd,adm,-9.97493925397763e-9
2006,trd,adm,-9.97493920138845e-9
2012,trd,adm,-9.990908474373439e-9
2014,trd,adm,-9.9909084608884e-9
2013,trd,adm,-9.990908469418481e-9
1999,trd,adm,-9.97493887322376e-9
2002,trd,adm,-9.99090840541281e-9
2017,trd,adm,-9.990908391927972e-9
2016,trd,adm,-9.974939092389727e-9
2015,trd,adm,-9.974939121221728e-9
1998,trd,adm,-9.97493882396568e-9
2004,trd,adm,-9.974939105617116e-9
2000,trd,adm,-9.990908466596512e-9
1997,trd,adm,-9.974938754936658e-9
2007,trd,adm,-9.974939110209887e-9
2010,trd,adm,-9.974939226897724e-9
2003,trd,adm,-9.99090841097985e-9
2011,trd,adm,-9.974939259373807e-9
2001,trd,adm,-9.990908552934555e-9
2008,trn,soc,-9.97493506327733e-9
2009,trn,soc,-9.974935852358813e-9
2005,trn,soc,-9.974934885627073e-9
2006,trn,soc,-9.974934924513991e-9
2012,trn,soc,-9.990907426996413e-9
2014,trn,soc,-9.99090753685755e-9
2013,trn,soc,-9.990907586304993e-9
1999,trn,soc,-9.974934567876334e-9
2002,trn,soc,-9.990906763817805e-9
2017,trn,soc,-9.990907477359207e-9
2016,trn,soc,-9.974936517574663e-9
2015,trn,soc,-9.974936517857181e-9
1998,trn,soc,-9.974935354014418e-9
2004,trn,soc,-9.974934588852226e-9
2000,trn,soc,-9.990906976522389e-9
1997,trn,soc,-9.974936585334405e-9
2007,trn,soc,-9.974934676564574e-9
2010,trn,soc,-9.97493512515829e-9
2003,trn,soc,-9.990906865971677e-9
2011,trn,soc,-9.974935094609065e-9
2001,trn,soc,-9.99090693712014e-9
2008,trd,soc,-9.974939511645354e-9
2009,trd,soc,-9.974940173367629e-9
2005,trd,soc,-9.974939392236591e-9
2006,trd,soc,-9.974939335967145e-9
2012,trd,soc,-9.990908524282594e-9
2014,trd,soc,-9.990908509954474e-9
2013,trd,soc,-9.990908517616185e-9
1999,trd,soc,-9.9749389407581e-9
2002,trd,soc,-9.99090843001372e-9
2017,trd,soc,-9.990908440107656e-9
2016,trd,soc,-9.974939221992548e-9
2015,trd,soc,-9.974939231914988e-9
1998,trd,soc,-9.974938976075282e-9
2004,trd,soc,-9.97493926764419e-9
2000,trd,soc,-9.99090841852712e-9
1997,trd,soc,-9.974938906746581e-9
2007,trd,soc,-9.97493919943858e-9
2010,trd,soc,-9.974939371339092e-9
2003,trd,soc,-9.990908464719485e-9
2011,trd,soc,-9.97493935106289e-9
2001,trd,soc,-9.990908590083654e-9
2008,trn,alt,7.328655816985669
2009,trn,alt,5.71998598653199
2005,trn,alt,6.017357340680325
2006,trn,alt,6.204975119629785
2012,trn,alt,7.774369416915957
2014,trn,alt,8.156662916578204
2013,trn,alt,7.668942939304571
1999,trn,alt,5.173810118535044
2002,trn,alt,5.497089524107947
2017,trn,alt,7.694808792062827
2016,trn,alt,6.88569941067137
2015,trn,alt,7.1404435585692285
1998,trn,alt,5.038664001680259
2004,trn,alt,5.663564879692825
2000,trn,alt,5.371342619777814
1997,trn,alt,4.977168922166858
2007,trn,alt,6.659212760223959
2010,trn,alt,6.766972967105374
2003,trn,alt,5.741747492553854
2011,trn,alt,7.9542244098163
2001,trn,alt,6.137553673333563
2008,trd,alt,178.91013254863728
2009,trd,alt,176.30781704358802
2005,trd,alt,166.44850485983187
2006,trd,alt,172.53525481575738
2012,trd,alt,200.98561568628477
2014,trd,alt,218.28120858920053
2013,trd,alt,213.36962425746836
1999,trd,alt,129.8084282127431
2002,trd,alt,142.46930399654497
2017,trd,alt,234.13887200619237
2016,trd,alt,232.36742677576297
2015,trd,alt,227.15771887125544
1998,trd,alt,121.34600735627478
2004,trd,alt,159.56884127691293
2000,trd,alt,137.5103728594102
1997,trd,alt,115.01002242885374
2007,trd,alt,182.63009537575135
2010,trd,alt,185.6335643863335
2003,trd,alt,147.99514398246254
2011,trd,alt,191.87384136919255
2001,trd,alt,138.64239359093523
2008,trn,pmt,12.62227603506438
2009,trn,pmt,7.289159287551504
2005,trn,pmt,8.485671715768047
2006,trn,pmt,10.644069886680285
2012,trn,pmt,14.47483554671751
2014,trn,pmt,15.839974720403854
2013,trn,pmt,14.468471891483572
1999,trn,pmt,5.377003593070759
2002,trn,pmt,5.817320108330889
2017,trn,pmt,13.327926805220281
2016,trn,pmt,12.199002888852558
2015,trn,pmt,13.577595943293343
1998,trn,pmt,6.12560566095875
2004,trn,pmt,7.645843729532386
2000,trn,pmt,5.950369470993465
1997,trn,pmt,6.028755915263762
2007,trn,pmt,11.382402816257814
2010,trn,pmt,11.573699668929708
2003,trn,pmt,5.839325778813274
2011,trn,pmt,13.517034164825642
2001,trn,pmt,5.465437625236374
2008,trd,pmt,34.07983561387032
2009,trd,pmt,20.050430660406782
2005,trd,pmt,29.301307740715426
2006,trd,pmt,32.91160423942862
2012,trd,pmt,36.23690360781919
2014,trd,pmt,36.90625564654296
2013,trd,pmt,35.09513850048941
1999,trd,pmt,19.077474595304455
2002,trd,pmt,16.347944973160747
2017,trd,pmt,34.38213663461187
2016,trd,pmt,31.255611156811078
2015,trd,pmt,34.652332935789495
1998,trd,pmt,18.182335261376178
2004,trd,pmt,25.655925071964955
2000,trd,pmt,21.037927737216368
1997,trd,pmt,18.436300147875116
2007,trd,pmt,31.922376810144787
2010,trd,pmt,27.16761116945988
2003,trd,pmt,17.09824580913362
2011,trd,pmt,34.004355798035355
2001,trd,pmt,17.935866331446544
2008,trn,trk,-9.974937611306904e-9
2009,trn,trk,-9.974937707771441e-9
2005,trn,trk,-9.974937401034775e-9
2006,trn,trk,-9.974937415424003e-9
2012,trn,trk,-9.990908127130095e-9
2014,trn,trk,-9.990908162940344e-9
2013,trn,trk,-9.990908208645864e-9
1999,trn,trk,-9.974937098942218e-9
2002,trn,trk,-9.990907739283266e-9
2017,trn,trk,-9.99090810744441e-9
2016,trn,trk,-9.974938375320832e-9
2015,trn,trk,-9.974938341744684e-9
1998,trn,trk,-9.974937527357665e-9
2004,trn,trk,-9.974937164256824e-9
2000,trn,trk,-9.990907800360158e-9
1997,trn,trk,-9.974938267789585e-9
2007,trn,trk,-9.974937342169153e-9
2010,trn,trk,-9.974937599485209e-9
2003,trn,trk,-9.990907761949868e-9
2011,trn,trk,-9.974937594092688e-9
2001,trn,trk,-9.990907764937419e-9
2008,trd,trk,-9.974942058770636e-9
2009,trd,trk,-9.974942028140598e-9
2005,trd,trk,-9.974941906739899e-9
2006,trd,trk,-9.974941826000477e-9
2012,trd,trk,-9.99090922424731e-9
2014,trd,trk,-9.990909135903269e-9
2013,trd,trk,-9.99090913982958e-9
1999,trd,trk,-9.974941470940971e-9
2002,trd,trk,-9.990909405121754e-9
2017,trd,trk,-9.990909070059439e-9
2016,trd,trk,-9.974941079337842e-9
2015,trd,trk,-9.97494105540752e-9
1998,trd,trk,-9.974941148790465e-9
2004,trd,trk,-9.974941842087462e-9
2000,trd,trk,-9.990909242103626e-9
1997,trd,trk,-9.974940588890123e-9
2007,trd,trk,-9.974941864081313e-9
2010,trd,trk,-9.974941844827784e-9
2003,trd,trk,-9.990909360382659e-9
2011,trd,trk,-9.974941849697717e-9
2001,trd,trk,-9.990909417600007e-9
2008,trn,fdd,-9.974934511043237e-9
2009,trn,fdd,-9.97493532041513e-9
2005,trn,fdd,-9.974934236976407e-9
2006,trn,fdd,-9.97493430563365e-9
2012,trn,fdd,-9.990907280304633e-9
2014,trn,fdd,-9.990907404146352e-9
2013,trn,fdd,-9.990907447676345e-9
1999,trn,fdd,-9.974933993039605e-9
2002,trn,fdd,-9.990906512752258e-9
2017,trn,fdd,-9.990907354994079e-9
2016,trn,fdd,-9.974936171886738e-9
2015,trn,fdd,-9.974936184482602e-9
1998,trn,fdd,-9.974934717482648e-9
2004,trn,fdd,-9.974933857976234e-9
2000,trn,fdd,-9.990906757990764e-9
1997,trn,fdd,-9.97493597148144e-9
2007,trn,fdd,-9.974934076745904e-9
2010,trn,fdd,-9.974934636301277e-9
2003,trn,fdd,-9.990906597367372e-9
2011,trn,fdd,-9.974934633376417e-9
2001,trn,fdd,-9.990906733370478e-9
2008,trd,fdd,-9.974938959607259e-9
2009,trd,fdd,-9.974939641607344e-9
2005,trd,fdd,-9.974938743819159e-9
2006,trd,fdd,-9.974938717304634e-9
2012,trd,fdd,-9.990908377626217e-9
2014,trd,fdd,-9.990908377271681e-9
2013,trd,fdd,-9.990908379015935e-9
1999,trd,fdd,-9.974938366121925e-9
2002,trd,fdd,-9.990908179040172e-9
2017,trd,fdd,-9.99090831776844e-9
2016,trd,fdd,-9.974938876379221e-9
2015,trd,fdd,-9.974938898612607e-9
1998,trd,fdd,-9.974938339727468e-9
2004,trd,fdd,-9.974938537041034e-9
2000,trd,fdd,-9.9909082000648e-9
1997,trd,fdd,-9.974938293007325e-9
2007,trd,fdd,-9.974938599836357e-9
2010,trd,fdd,-9.974938882647698e-9
2003,trd,fdd,-9.990908196209626e-9
2011,trd,fdd,-9.974938889986883e-9
2001,trd,fdd,-9.99090838640806e-9
2008,trn,gmt,0.0
2009,trn,gmt,0.0
2005,trn,gmt,0.0
2006,trn,gmt,0.0
2012,trn,gmt,0.0
2014,trn,gmt,0.0
2013,trn,gmt,0.0
1999,trn,gmt,0.0
2002,trn,gmt,0.0
2017,trn,gmt,0.0
2016,trn,gmt,0.0
2015,trn,gmt,0.0
1998,trn,gmt,0.0
2004,trn,gmt,0.0
2000,trn,gmt,0.0
1997,trn,gmt,0.0
2007,trn,gmt,0.0
2010,trn,gmt,0.0
2003,trn,gmt,0.0
2011,trn,gmt,0.0
2001,trn,gmt,0.0
2008,trd,gmt,0.0
2009,trd,gmt,0.0
2005,trd,gmt,0.0
2006,trd,gmt,0.0
2012,trd,gmt,0.0
2014,trd,gmt,0.0
2013,trd,gmt,0.0
1999,trd,gmt,0.0
2002,trd,gmt,0.0
2017,trd,gmt,0.0
2016,trd,gmt,0.0
2015,trd,gmt,0.0
1998,trd,gmt,0.0
2004,trd,gmt,0.0
2000,trd,gmt,0.0
1997,trd,gmt,0.0
2007,trd,gmt,0.0
2010,trd,gmt,0.0
2003,trd,gmt,0.0
2011,trd,gmt,0.0
2001,trd,gmt,0.0
2008,trn,wtt,-9.974936422216114e-9
2009,trn,wtt,-9.974936538755984e-9
2005,trn,wtt,-9.974935877887526e-9
2006,trn,wtt,-9.974936060137838e-9
2012,trn,wtt,-9.990907629963753e-9
2014,trn,wtt,-9.990907678103112e-9
2013,trn,wtt,-9.990907686762468e-9
1999,trn,wtt,-9.974935254941989e-9
2002,trn,wtt,-9.99090693343986e-9
2017,trn,wtt,-9.99090752070605e-9
2016,trn,wtt,-9.974936707673964e-9
2015,trn,wtt,-9.974936906280857e-9
1998,trn,wtt,-9.974935682030116e-9
2004,trn,wtt,-9.974935507517638e-9
2000,trn,wtt,-9.990907131309738e-9
1997,trn,wtt,-9.974936483669368e-9
2007,trn,wtt,-9.974935954102446e-9
2010,trn,wtt,-9.97493607164321e-9
2003,trn,wtt,-9.990907112656801e-9
2011,trn,wtt,-9.974936003920338e-9
2001,trn,wtt,-9.990907095852756e-9
2008,trd,wtt,-9.97494087010184e-9
2009,trd,wtt,-9.974940859528156e-9
2005,trd,wtt,-9.974940384140275e-9
2006,trd,wtt,-9.974940471191297e-9
2012,trd,wtt,-9.990908727200948e-9
2014,trd,wtt,-9.990908651169804e-9
2013,trd,wtt,-9.990908618053082e-9
1999,trd,wtt,-9.97493962758405e-9
2002,trd,wtt,-9.990908599573619e-9
2017,trd,wtt,-9.990908483445322e-9
2016,trd,wtt,-9.974939412050828e-9
2015,trd,wtt,-9.974939620254547e-9
1998,trd,wtt,-9.974939303996183e-9
2004,trd,wtt,-9.97494018596668e-9
2000,trd,wtt,-9.99090857326538e-9
1997,trd,wtt,-9.974938805100374e-9
2007,trd,wtt,-9.974940476515457e-9
2010,trd,wtt,-9.974940317503361e-9
2003,trd,wtt,-9.990908711317875e-9
2011,trd,wtt,-9.974940260065362e-9
2001,trd,wtt,-9.990908748758565e-9
2008,trn,wpd,6.88903453457959
2009,trn,wpd,4.518767239197037
2005,trn,wpd,8.14073102859302
2006,trn,wpd,8.058409424725118
2012,trn,wpd,6.272183248242042
2014,trn,wpd,7.703257737393252
2013,trn,wpd,7.039975318920801
1999,trn,wpd,4.42701366098854
2002,trn,wpd,5.696714723521651
2017,trn,wpd,8.425234606680942
2016,trn,wpd,7.320142885869801
2015,trn,wpd,7.010348353463925
1998,trn,wpd,4.265552382093959
2004,trn,wpd,7.092689767984849
2000,trn,wpd,2.831185239800599
1997,trn,wpd,4.715145911979645
2007,trn,wpd,7.645388215505738
2010,trn,wpd,5.058414643604246
2003,trn,wpd,6.189923743973275
2011,trn,wpd,5.566598393048454
2001,trn,wpd,5.611624703550439
2008,trd,wpd,24.031666866925118
2009,trd,wpd,20.261098678531006
2005,trd,wpd,30.476530434506024
2006,trd,wpd,30.143081634684243
2012,trd,wpd,22.86363840236901
2014,trd,wpd,27.947256566050275
2013,trd,wpd,25.623446434276314
1999,trd,wpd,19.869041799088134
2002,trd,wpd,21.2892767382928
2017,trd,wpd,35.25311578366059
2016,trd,wpd,32.33752787920074
2015,trd,wpd,30.20292268117343
1998,trd,wpd,18.793608760766038
2004,trd,wpd,27.448826359860416
2000,trd,wpd,20.449757279681606
1997,trd,wpd,17.70777334418875
2007,trd,wpd,27.769771626551904
2010,trd,wpd,21.6770695546141
2003,trd,wpd,23.409264342287994
2011,trd,wpd,22.232336274429002
2001,trd,wpd,19.805860943389774
2008,trn,wht,-9.974935654215544e-9
2009,trn,wht,-9.974935999331717e-9
2005,trn,wht,-9.974935516737777e-9
2006,trn,wht,-9.974935576447899e-9
2012,trn,wht,-9.990907650818564e-9
2014,trn,wht,-9.990907770683269e-9
2013,trn,wht,-9.990907818363516e-9
1999,trn,wht,-9.974935378020214e-9
2002,trn,wht,-9.990907031979309e-9
2017,trn,wht,-9.99090774907646e-9
2016,trn,wht,-9.974937245038045e-9
2015,trn,wht,-9.974937257830963e-9
1998,trn,wht,-9.974936144157041e-9
2004,trn,wht,-9.974935275029314e-9
2000,trn,wht,-9.990907259805436e-9
1997,trn,wht,-9.974937399419848e-9
2007,trn,wht,-9.974935396221865e-9
2010,trn,wht,-9.974935734145922e-9
2003,trn,wht,-9.990907116601469e-9
2011,trn,wht,-9.97493574940057e-9
2001,trn,wht,-9.990907111148562e-9
2008,trd,wht,-9.974940102373835e-9
2009,trd,wht,-9.974940320289863e-9
2005,trd,wht,-9.974940023120377e-9
2006,trd,wht,-9.974939987671597e-9
2012,trd,wht,-9.990908748050727e-9
2014,trd,wht,-9.990908743730146e-9
2013,trd,wht,-9.990908749627173e-9
1999,trd,wht,-9.974939750619335e-9
2002,trd,wht,-9.990908698076961e-9
2017,trd,wht,-9.990908711767374e-9
2016,trd,wht,-9.974939949298951e-9
2015,trd,wht,-9.974939971728522e-9
1998,trd,wht,-9.974939765989558e-9
2004,trd,wht,-9.974939953565138e-9
2000,trd,wht,-9.990908701720326e-9
1997,trd,wht,-9.97493972068123e-9
2007,trd,wht,-9.97493991883618e-9
2010,trd,wht,-9.974939980120409e-9
2003,trd,wht,-9.990908715261155e-9
2011,trd,wht,-9.974940005632029e-9
2001,trd,wht,-9.99090876404881e-9
2008,trn,wrh,-9.97493532871469e-9
2009,trn,wrh,-9.974935845675138e-9
2005,trn,wrh,-9.974935120944216e-9
2006,trn,wrh,-9.974935166282298e-9
2012,trn,wrh,-9.990907482082087e-9
2014,trn,wrh,-9.990907589434531e-9
2013,trn,wrh,-9.990907641577359e-9
1999,trn,wrh,-9.974934878458262e-9
2002,trn,wrh,-9.99090685541696e-9
2017,trn,wrh,-9.9909075254149e-9
2016,trn,wrh,-9.974936692827565e-9
2015,trn,wrh,-9.974936703202954e-9
1998,trn,wrh,-9.974935622117262e-9
2004,trn,wrh,-9.974934829985697e-9
2000,trn,wrh,-9.990907084759125e-9
1997,trn,wrh,-9.974936820450672e-9
2007,trn,wrh,-9.97493496395459e-9
2010,trn,wrh,-9.974935317781802e-9
2003,trn,wrh,-9.990906949243572e-9
2011,trn,wrh,-9.97493529876993e-9
2001,trn,wrh,-9.990906999301267e-9
2008,trd,wrh,-9.974939776988506e-9
2009,trd,wrh,-9.97494016668626e-9
2005,trd,wrh,-9.974939627469125e-9
2006,trd,wrh,-9.974939577650356e-9
2012,trd,wrh,-9.990908579354974e-9
2014,trd,wrh,-9.990908562520202e-9
2013,trd,wrh,-9.990908572877228e-9
1999,trd,wrh,-9.974939251231672e-9
2002,trd,wrh,-9.99090852157931e-9
2017,trd,wrh,-9.990908488153174e-9
2016,trd,wrh,-9.97493939720763e-9
2015,trd,wrh,-9.974939417220622e-9
1998,trd,wrh,-9.974939244100643e-9
2004,trd,wrh,-9.974939508687649e-9
2000,trd,wrh,-9.99090852672953e-9
1997,trd,wrh,-9.974939141819298e-9
2007,trd,wrh,-9.974939486724888e-9
2010,trd,wrh,-9.974939563897344e-9
2003,trd,wrh,-9.990908547962101e-9
2011,trd,wrh,-9.974939555154424e-9
2001,trd,wrh,-9.990908652242175e-9
2008,trn,ott,-9.974934946769408e-9
2009,trn,ott,-9.974935279836512e-9
2005,trn,ott,-9.97493423310361e-9
2006,trn,ott,-9.974934749228353e-9
2012,trn,ott,-9.990907658760097e-9
2014,trn,ott,-9.990907776434913e-9
2013,trn,ott,-9.990907821919706e-9
1999,trn,ott,-9.97492968714952e-9
2002,trn,ott,-9.990905531199361e-9
2017,trn,ott,-9.990907751777518e-9
2016,trn,ott,-9.974937242980276e-9
2015,trn,ott,-9.974937255004486e-9
1998,trn,ott,-9.974928243268728e-9
2004,trn,ott,-9.974933286262152e-9
2000,trn,ott,-9.990905743616171e-9
1997,trn,ott,-9.974928906236871e-9
2007,trn,ott,-9.974934755183314e-9
2010,trn,ott,-9.974935028168414e-9
2003,trn,ott,-9.990905938298515e-9
2011,trn,ott,-9.974935066969546e-9
2001,trn,ott,-9.990905256767185e-9
2008,trd,ott,-9.97493939517878e-9
2009,trd,ott,-9.974939601042718e-9
2005,trd,ott,-9.974938739947753e-9
2006,trd,ott,-9.974939160743201e-9
2012,trd,ott,-9.990908755990344e-9
2014,trd,ott,-9.99090874948056e-9
2013,trd,ott,-9.990908753182635e-9
1999,trd,ott,-9.974934061734273e-9
2002,trd,ott,-9.990907197846981e-9
2017,trd,ott,-9.99090871446786e-9
2016,trd,ott,-9.974939947241625e-9
2015,trd,ott,-9.974939968902658e-9
1998,trd,ott,-9.974931867384862e-9
2004,trd,ott,-9.974937965540375e-9
2000,trd,ott,-9.990907186011934e-9
1997,trd,ott,-9.974931229071699e-9
2007,trd,ott,-9.974939278028949e-9
2010,trd,ott,-9.974939274382075e-9
2003,trd,ott,-9.990907537372517e-9
2011,trd,ott,-9.974939323432758e-9
2001,trd,ott,-9.990906910341619e-9
2008,trn,che,29.92550750496222
2009,trn,che,25.368847985273593
2005,trn,che,22.834368232753075
2006,trn,che,24.921428601218967
2012,trn,che,31.96296377159562
2014,trn,che,35.20506171504946
2013,trn,che,33.7530809184762
1999,trn,che,17.8391552555941
2002,trn,che,16.835023250003065
2017,trn,che,35.91743966034959
2016,trn,che,35.23051807351558
2015,trn,che,36.12425317819592
1998,trn,che,17.46917236828334
2004,trn,che,20.680260019829817
2000,trn,che,18.183142651223584
1997,trn,che,16.85226080941629
2007,trn,che,28.457282720135314
2010,trn,che,27.670798731225663
2003,trn,che,18.081608682227518
2011,trn,che,30.698663199948292
2001,trn,che,17.07322892449051
2008,trd,che,285.86804293982476
2009,trd,che,287.20932149375363
2005,trd,che,242.29086290129118
2006,trd,che,261.35171832210375
2012,trd,che,354.3058851274819
2014,trd,che,398.78473400442806
2013,trd,che,374.7067094301527
1999,trd,che,150.02729749759146
2002,trd,che,191.22329837956232
2017,trd,che,444.92739144570334
2016,trd,che,430.12953043298427
2015,trd,che,424.8629643518106
1998,trd,che,137.49400847842247
2004,trd,che,218.2092459220577
2000,trd,che,161.28756459752327
1997,trd,che,128.66690607899486
2007,trd,che,273.28218345698895
2010,trd,che,309.59134252951367
2003,trd,che,200.06230174491557
2011,trd,che,330.5337365749792
2001,trd,che,175.47273567988222
2008,trn,air,-9.974933504311302e-9
2009,trn,air,-9.974933707764425e-9
2005,trn,air,-9.974933244179679e-9
2006,trn,air,-9.974933329185602e-9
2012,trn,air,-9.990906847610882e-9
2014,trn,air,-9.990906971268515e-9
2013,trn,air,-9.990906996547229e-9
1999,trn,air,-9.97493299727018e-9
2002,trn,air,-9.99090727973201e-9
2017,trn,air,-9.990906820698397e-9
2016,trn,air,-9.974934735399281e-9
2015,trn,air,-9.974934884741238e-9
1998,trn,air,-9.974933254609659e-9
2004,trn,air,-9.974932900853923e-9
2000,trn,air,-9.990906459385425e-9
1997,trn,air,-9.974934614400507e-9
2007,trn,air,-9.974932979331556e-9
2010,trn,air,-9.974933297658702e-9
2003,trn,air,-9.990906282315155e-9
2011,trn,air,-9.97493354323053e-9
2001,trn,air,-9.990906366163168e-9
2008,trd,air,-9.974937953232643e-9
2009,trd,air,-9.974938029512658e-9
2005,trd,air,-9.974937751379415e-9
2006,trd,air,-9.97493774120028e-9
2012,trd,air,-9.990907945036898e-9
2014,trd,air,-9.990907944486497e-9
2013,trd,air,-9.990907927979232e-9
1999,trd,air,-9.974937370699928e-9
2002,trd,air,-9.990908945738882e-9
2017,trd,air,-9.990907783585903e-9
2016,trd,air,-9.974937440201763e-9
2015,trd,air,-9.97493759915273e-9
1998,trd,air,-9.974936877277267e-9
2004,trd,air,-9.974937580276025e-9
2000,trd,air,-9.990907901554165e-9
1997,trd,air,-9.974936936177783e-9
2007,trd,air,-9.974937502818034e-9
2010,trd,air,-9.974937544458658e-9
2003,trd,air,-9.990907881268188e-9
2011,trd,air,-9.97493780021123e-9
2001,trd,air,-9.990908019334249e-9
2008,trn,mmf,18.24041682446079
2009,trn,mmf,14.21098074490936
2005,trn,mmf,17.37108270369418
2006,trn,mmf,17.87538479861729
2012,trn,mmf,15.415198436251725
2014,trn,mmf,16.985281771892044
2013,trn,mmf,15.554599101292851
1999,trn,mmf,10.923165281896823
2002,trn,mmf,12.47777377471988
2017,trn,mmf,15.234157112581876
2016,trn,mmf,14.4400215674625
2015,trn,mmf,14.802035612004989
1998,trn,mmf,9.939084726520282
2004,trn,mmf,14.960076693562103
2000,trn,mmf,11.859522290983303
1997,trn,mmf,9.2980476687854
2007,trn,mmf,17.352585323232123
2010,trn,mmf,13.839114078241185
2003,trn,mmf,12.64381813738919
2011,trn,mmf,15.122312145719844
2001,trn,mmf,11.522848446763861
2008,trd,mmf,150.37813828567698
2009,trd,mmf,134.75503371268786
2005,trd,mmf,130.5471700780475
2006,trd,mmf,141.6426546332649
2012,trd,mmf,172.37391133998713
2014,trd,mmf,183.9628667706227
2013,trd,mmf,176.56574678854585
1999,trd,mmf,92.0110515706729
2002,trd,mmf,108.27420388946081
2017,trd,mmf,201.8438062913476
2016,trd,mmf,191.67736985148775
2015,trd,mmf,188.62780690543025
1998,trd,mmf,85.89839685710719
2004,trd,mmf,124.54542156318733
2000,trd,mmf,98.03210998331481
1997,trd,mmf,80.80137568324496
2007,trd,mmf,149.89361599244737
2010,trd,mmf,154.01380301016937
2003,trd,mmf,113.16752536763624
2011,trd,mmf,166.5802389007176
2001,trd,mmf,95.19971682245045
2008,trn,otr,-9.974935194862776e-9
2009,trn,otr,-9.974935328201634e-9
2005,trn,otr,-9.974934873705673e-9
2006,trn,otr,-9.974934901823406e-9
2012,trn,otr,-9.990907312249064e-9
2014,trn,otr,-9.990907356526717e-9
2013,trn,otr,-9.990907418382875e-9
1999,trn,otr,-9.974934561919689e-9
2002,trn,otr,-9.990906833570614e-9
2017,trn,otr,-9.990907255570035e-9
2016,trn,otr,-9.974935967251391e-9
2015,trn,otr,-9.974936031889888e-9
1998,trn,otr,-9.97493531975786e-9
2004,trn,otr,-9.974934476919163e-9
2000,trn,otr,-9.990906964298197e-9
1997,trn,otr,-9.974936485550789e-9
2007,trn,otr,-9.974934729576199e-9
2010,trn,otr,-9.974934990148147e-9
2003,trn,otr,-9.990906831430503e-9
2011,trn,otr,-9.974934927151859e-9
2001,trn,otr,-9.9909068869255e-9
2008,trd,otr,-9.974939643184098e-9
2009,trd,otr,-9.974939649391163e-9
2005,trd,otr,-9.974939380319478e-9
2006,trd,otr,-9.974939313284548e-9
2012,trd,otr,-9.99090840956294e-9
2014,trd,otr,-9.990908329662239e-9
2013,trd,otr,-9.990908349728466e-9
1999,trd,otr,-9.974938934803532e-9
2002,trd,otr,-9.990908499740967e-9
2017,trd,otr,-9.99090821836545e-9
2016,trd,otr,-9.974938671788034e-9
2015,trd,otr,-9.974938746052938e-9
1998,trd,otr,-9.974938941828621e-9
2004,trd,otr,-9.974939155752912e-9
2000,trd,otr,-9.990908406306804e-9
1997,trd,otr,-9.974938806981448e-9
2007,trd,otr,-9.974939252431074e-9
2010,trd,otr,-9.974939236374689e-9
2003,trd,otr,-9.990908430190457e-9
2011,trd,otr,-9.974939183662556e-9
2001,trd,otr,-9.990908539907261e-9
2008,trn,min,31.602972974844942
2009,trn,min,26.423322330554264
2005,trn,min,21.969147645428443
2006,trn,min,25.35951817400131
2012,trn,min,32.13387051711499
2014,trn,min,36.35547895585536
2013,trn,min,32.62471524933363
1999,trn,min,15.686258007192551
2002,trn,min,15.705641329556451
2017,trn,min,31.7410305758537
2016,trn,min,27.39830433889517
2015,trn,min,33.09130456500829
1998,trn,min,15.629247267340453
2004,trn,min,18.542357361242363
2000,trn,min,15.598915887385436
1997,trn,min,16.600711203029082
2007,trn,min,27.287805375821137
2010,trn,min,29.645432266921606
2003,trn,min,16.42973475433676
2011,trn,min,34.16159394319828
2001,trn,min,15.92601966209168
2008,trd,min,5.137432634726261
2009,trd,min,3.920701787160919
2005,trd,min,6.035759872012022
2006,trd,min,6.219457964422902
2012,trd,min,5.258789937000042
2014,trd,min,7.194814543417953
2013,trd,min,6.112594272916194
1999,trd,min,3.3878660410564025
2002,trd,min,3.7400522504949913
2017,trd,min,7.955232170333256
2016,trd,min,6.837147585364412
2015,trd,min,7.074341195306137
1998,trd,min,3.1528136287343917
2004,trd,min,5.116382028035829
2000,trd,min,3.639189217536726
1997,trd,min,3.184479925040669
2007,trd,min,5.4073539975265765
2010,trd,min,4.457427631000327
2003,trd,min,4.639833037020906
2011,trd,min,5.131192879978037
2001,trd,min,3.525419433249723
