yr,i,value
2008,ppd,175.55326074283508
2009,ppd,159.27598331777781
2005,ppd,158.32125275339675
2006,ppd,165.7872112513375
2012,ppd,177.26705009064838
2014,ppd,182.6146735283671
2013,ppd,181.93384303123352
1999,ppd,153.49797486299872
2002,ppd,150.7118082383484
2017,ppd,179.06083509897832
2016,ppd,176.91400628720498
2015,ppd,181.10788040288378
1998,ppd,151.21193777235538
2004,ppd,151.00323827825773
2000,ppd,161.64881700875378
1997,ppd,147.19221504763945
2007,ppd,172.3103136593527
2010,ppd,167.96798355478597
2003,ppd,146.98561252249362
2011,ppd,173.74356358271902
2001,ppd,153.01921931040712
2008,res,497.347911579683
2009,res,494.1408247911891
2005,res,445.6484257628353
2006,res,469.78572785396636
2012,res,577.4126988275931
2014,res,638.4936329652342
2013,res,600.1764040556395
1999,res,321.9952551767789
2002,res,381.4093750894389
2017,res,759.6293237933697
2016,res,722.8464149878671
2015,res,690.1999517633287
1998,res,306.52582993819334
2004,res,424.5678626982587
2000,res,346.87597875146065
1997,res,289.22207145720176
2007,res,487.5184618502049
2010,res,510.38088022057417
2003,res,400.6362990136916
2011,res,544.3004297251866
2001,res,361.4056195184791
2008,com,279.03928891379803
2009,com,277.4091464094509
2005,com,215.96458304902686
2006,com,228.35777271328226
2012,com,350.7181547547004
2014,com,373.5975361637558
2013,com,354.93590482633397
1999,com,183.46838090068604
2002,com,198.07840712379175
2017,com,429.26225445502774
2016,com,401.7343975003101
2015,com,377.25281963615015
1998,com,152.1423285586502
2004,com,199.8544853297694
2000,com,213.63128060928884
1997,com,122.6781138407885
2007,com,254.48479595784312
2010,com,302.33063027226785
2003,com,196.12127377349597
2011,com,327.7167214853511
2001,com,202.15037982317355
2008,amb,744.6372405850219
2009,amb,772.0640642684508
2005,amb,642.0504838831458
2006,amb,670.8297152940977
2012,amb,867.5349472516261
2014,amb,907.635843537788
2013,amb,873.4411951694785
1999,amb,425.31261523343983
2002,amb,528.8887276158241
2017,amb,1043.9430493451266
2016,amb,1003.2599977860565
2015,amb,956.1033390150099
1998,amb,407.48260034887255
2004,amb,606.5173047017923
2000,amb,452.08087551950575
1997,amb,387.67747129671505
2007,amb,706.9184238285048
2010,amb,802.0302723518981
2003,amb,566.0429915909474
2011,amb,832.5980438172116
2001,amb,491.78782451630116
2008,fbp,760.0422378901482
2009,fbp,744.9013965418166
2005,fbp,642.6949758539752
2006,fbp,648.6791286457425
2012,fbp,864.9949554099917
2014,fbp,921.0108311115102
2013,fbp,892.0146393923243
1999,fbp,523.8605485677422
2002,fbp,551.9193318741327
2017,fbp,934.365809810395
2016,fbp,909.2713700414929
2015,fbp,919.1844592764538
1998,fbp,526.2525657820094
2004,fbp,612.6279752043242
2000,fbp,541.3121666647378
1997,fbp,517.6624550585569
2007,fbp,701.5021425696139
2010,fbp,769.9639505483633
2003,fbp,582.6873096122398
2011,fbp,827.325789356815
2001,fbp,560.7366720469029
2008,rec,110.20118090645907
2009,rec,105.1831281093336
2005,rec,90.89267604214035
2006,rec,101.32538396269716
2012,rec,112.05944051939906
2014,rec,120.98669217702093
2013,rec,116.31907924572477
1999,rec,69.90734204751914
2002,rec,72.54923379221997
2017,rec,142.80399335695168
2016,rec,133.22730284946124
2015,rec,127.28698022434081
1998,rec,65.79864592916857
2004,rec,86.44556313548397
2000,rec,71.83540541867303
1997,rec,65.00470633570949
2007,rec,109.45469868671901
2010,rec,105.83468755302923
2003,rec,78.94753122869221
2011,rec,108.97050701639722
2001,rec,73.35105596747952
2008,con,1273.7082530016257
2009,con,1095.4477093618611
2005,con,1285.8095938344263
2006,con,1352.11769204598
2012,con,1072.692398504875
2014,con,1256.7006417976097
2013,con,1153.805012263692
1999,con,840.0149962224458
2002,con,968.70604639784
2017,con,1544.941792050003
2016,con,1470.9309649938841
2015,con,1368.8671511817656
1998,con,777.9999861985965
2004,con,1156.8823518795973
2000,con,912.4262025301533
1997,con,707.4663611183983
2007,con,1337.7073139547585
2010,con,1015.1240671727329
2003,con,1038.3736637532998
2011,con,1018.8262861644159
2001,con,955.164316445859
2008,agr,338.5098993553463
2009,agr,309.2270454571552
2005,agr,271.2920305664304
2006,agr,266.6142912187042
2012,agr,414.7884571365712
2014,agr,450.86228007046185
2013,agr,446.1776840708294
1999,agr,217.47998977468043
2002,agr,211.93928992126612
2017,agr,399.4925508394805
2016,agr,384.6523048435342
2015,agr,409.23006893330296
1998,agr,217.21345659150703
2004,agr,271.4223105720928
2000,agr,223.32348785562354
1997,agr,224.67581369895512
2007,agr,311.30798321067755
2010,agr,333.2699041245165
2003,agr,239.84086419876994
2011,agr,390.4987173827651
2001,agr,231.32905720468077
2008,eec,126.29799909925696
2009,eec,102.75600596902633
2005,eec,108.15052720130616
2006,eec,116.48498375965802
2012,eec,122.8952124334259
2014,eec,125.90394495344435
2013,eec,123.13207263212318
1999,eec,116.34356097673255
2002,eec,100.33329645500172
2017,eec,128.26631323747014
2016,eec,123.71412145568961
2015,eec,125.44727150111281
1998,eec,114.24171175752947
2004,eec,101.86503588188525
2000,eec,124.51476195859499
1997,eec,110.60345085380912
2007,eec,125.46517511972681
2010,eec,108.83063232989922
2003,eec,97.42366398957904
2011,eec,118.17145923864543
2001,eec,110.17428754030594
2008,fnd,313.5505241088103
2009,fnd,339.5825975475467
2005,fnd,266.44854070011297
2006,fnd,281.3100160261013
2012,fnd,367.256202528086
2014,fnd,372.03684035486486
2013,fnd,363.6028468377493
1999,fnd,169.4601273697891
2002,fnd,217.6095971589253
2017,fnd,414.39793754993457
2016,fnd,401.63599291302427
2015,fnd,388.7471541095231
1998,fnd,163.87935723792697
2004,fnd,250.96430462918477
2000,fnd,183.4734450296586
1997,fnd,160.56188471858187
2007,fnd,289.14994734819186
2010,fnd,368.9741360710985
2003,fnd,236.0264236645766
2011,fnd,363.50268987666016
2001,fnd,196.14647424286485
2008,pub,311.1794759945786
2009,pub,287.2463885627664
2005,pub,290.45031269756123
2006,pub,302.9610055584821
2012,pub,294.37977529006224
2014,pub,319.0736541514506
2013,pub,306.7582647564981
1999,pub,237.012174989713
2002,pub,263.6091724306793
2017,pub,340.0783477447548
2016,pub,331.14867436947395
2015,pub,319.125036100266
1998,pub,213.00018266834212
2004,pub,278.3619645365408
2000,pub,257.3757405583638
1997,pub,189.73981676902986
2007,pub,309.4574085072345
2010,pub,287.5585364349803
2003,pub,260.63860312385924
2011,pub,296.3192040960939
2001,pub,260.3362505421684
2008,hou,1573.4514427788254
2009,hou,1610.9465769127567
2005,hou,1374.9177507404702
2006,hou,1460.8534682999568
2012,hou,1724.1665788465677
2014,hou,1848.8948049800488
2013,hou,1769.1686005998115
1999,hou,978.0642082885871
2002,hou,1164.017490457222
2017,hou,2159.17972355839
2016,hou,2066.2693085169544
2015,hou,1962.4617782113803
1998,hou,922.093744803263
2004,hou,1280.9257494655706
2000,hou,1037.9242516412955
1997,hou,868.7323962804095
2007,hou,1525.6577081768
2010,hou,1622.7367431373589
2003,hou,1209.2418071117886
2011,hou,1674.89122384819
2001,hou,1113.2849373279728
2008,fbt,175.88012633742716
2009,fbt,173.1581158842228
2005,fbt,159.45781452560172
2006,fbt,167.88530580598987
2012,fbt,187.39357832700733
2014,fbt,196.2046222038801
2013,fbt,189.49519558144027
1999,fbt,127.35948796777787
2002,fbt,141.2925916135185
2017,fbt,217.4757657608717
2016,fbt,208.9511536889895
2015,fbt,205.19669302734818
1998,fbt,120.4963689597755
2004,fbt,153.7742932710017
2000,fbt,128.57848652665993
1997,fbt,116.65590829887701
2007,fbt,170.1668622777334
2010,fbt,178.00499627017584
2003,fbt,145.49340317328603
2011,fbt,184.0017768423793
2001,fbt,139.10791112742635
2008,ins,697.8896128505784
2009,ins,628.9895243634417
2005,ins,590.0623464491892
2006,ins,619.7675168794981
2012,ins,777.8136370636352
2014,ins,912.348789350681
2013,ins,829.7853078611793
1999,ins,380.05862156589876
2002,ins,449.94414425342353
2017,ins,1116.4876349488447
2016,ins,1033.4900179808603
2015,ins,985.2998266213831
1998,ins,363.86706517377394
2004,ins,541.3195332588897
2000,ins,409.9063507887113
1997,ins,340.42526090954516
2007,ins,674.928815372735
2010,ins,643.3696973672979
2003,ins,493.3043041381216
2011,ins,707.0126313200209
2001,ins,428.8052046562931
2008,tex,56.27435614994533
2009,tex,46.182825031507896
2005,tex,76.68958205289015
2006,tex,71.34218373939075
2012,tex,51.42291750037995
2014,tex,55.532453789830186
2013,tex,53.73541693225281
1999,tex,86.1031537144643
2002,tex,75.00687629341284
2017,tex,53.675990108050314
2016,tex,51.9970813475112
2015,tex,53.274667686822404
1998,tex,87.21774294202322
2004,tex,73.35149233025282
2000,tex,84.66765595734829
1997,tex,88.64792991447332
2007,tex,64.05810685905553
2010,tex,49.55210417396093
2003,tex,71.97179882716695
2011,tex,52.589652925969354
2001,tex,76.3439370619037
2008,leg,276.7546433695311
2009,leg,272.85160739256526
2005,leg,245.22820204020684
2006,leg,257.6117165201121
2012,leg,297.1841682171986
2014,leg,304.65816706904474
2013,leg,297.0425145706788
1999,leg,176.4573574256002
2002,leg,204.72318897205346
2017,leg,346.2765486661481
2016,leg,324.4105524210802
2015,leg,316.5819940059543
1998,leg,166.13617644631887
2004,leg,233.91558122922302
2000,leg,183.18470500698152
1997,leg,152.6364689611626
2007,leg,269.9827127626892
2010,leg,278.48236546305037
2003,leg,225.39840884029735
2011,leg,289.18982954792625
2001,leg,195.612751773771
2008,fen,104.75450894346069
2009,fen,102.00486196162325
2005,fen,90.38576723882677
2006,fen,97.73327241501688
2012,fen,104.13147926094325
2014,fen,101.57898960845303
2013,fen,102.77307947101559
1999,fen,82.18987099684162
2002,fen,89.15851986537284
2017,fen,97.65993054945932
2016,fen,99.62989699577462
2015,fen,99.82221134525415
1998,fen,78.8689885880605
2004,fen,89.77475583617391
2000,fen,84.87424555344629
1997,fen,77.60536448680821
2007,fen,102.29507545594842
2010,fen,99.80828585230267
2003,fen,88.96685359518354
2011,fen,98.12637307178375
2001,fen,85.57183026969986
2008,uti,495.29890071873695
2009,uti,406.71672420252014
2005,uti,391.3865647752582
2006,uti,394.4113935009286
2012,uti,427.77835551314985
2014,uti,504.74200957171513
2013,uti,458.5031181052045
1999,uti,296.7643058827019
2002,uti,304.36012707173796
2017,uti,453.64141936806817
2016,uti,444.6226898739237
2015,uti,481.6578231684999
1998,uti,250.75808393897384
2004,uti,329.0289260399437
2000,uti,354.4893328588907
1997,uti,244.97448502525344
2007,uti,422.6969934594537
2010,uti,463.7947518658528
2003,uti,321.1263024605482
2011,uti,453.04991088900056
2001,uti,433.1108273442427
2008,nmp,113.80054058592684
2009,nmp,89.74742126503966
2005,nmp,112.45521346198092
2006,nmp,124.95460979919655
2012,nmp,99.04670239450154
2014,nmp,112.86056385270693
2013,nmp,105.66413145883892
1999,nmp,94.9988334691364
2002,nmp,94.5504669370722
2017,nmp,127.82858251958626
2016,nmp,123.61560694609186
2015,nmp,118.19429749188158
1998,nmp,91.02669116579452
2004,nmp,101.65702901314704
2000,nmp,97.0340864871164
1997,nmp,85.32537162949501
2007,nmp,127.54516706982037
2010,nmp,91.79011465331914
2003,nmp,95.83956493821748
2011,nmp,93.45475748362756
2001,nmp,93.85024776996569
2008,brd,640.606560956785
2009,brd,634.3948814045182
2005,brd,574.8270784676276
2006,brd,599.483012439519
2012,brd,702.0077084248185
2014,brd,760.5175514161155
2013,brd,720.5031975628852
1999,brd,478.4694964924326
2002,brd,545.2572181885565
2017,brd,814.4752017940103
2016,brd,822.0386014412672
2015,brd,783.9892422871889
1998,brd,422.21717154418633
2004,brd,552.6865364940688
2000,brd,533.2940763554146
1997,brd,381.0145613082912
2007,brd,619.9083210918478
2010,brd,656.6273139834186
2003,brd,542.1593815827619
2011,brd,678.5026510838503
2001,brd,549.6062398966128
2008,bnk,693.5289369342429
2009,bnk,688.5956980103206
2005,bnk,669.7044838355342
2006,bnk,696.0134586787854
2012,bnk,748.1258499655441
2014,bnk,807.8192670582253
2013,bnk,762.4185268911316
1999,bnk,477.44466640352147
2002,bnk,585.3183775041487
2017,bnk,922.9629793317737
2016,bnk,862.7600718269258
2015,bnk,815.9202848583114
1998,bnk,429.2830984747068
2004,bnk,630.2404643161486
2000,bnk,524.5561298437773
1997,bnk,393.09980014997325
2007,bnk,712.9494169727789
2010,bnk,683.9772871921353
2003,bnk,613.1994764200018
2011,bnk,674.6676674053152
2001,bnk,555.0656300929609
2008,ore,814.3998648029336
2009,ore,757.5080912347826
2005,ore,891.3462281984541
2006,ore,901.1534489168359
2012,ore,889.7356357864526
2014,ore,1032.3387614930755
2013,ore,964.5006121441994
1999,ore,444.8768688710319
2002,ore,584.3401010593697
2017,ore,1278.053452063454
2016,ore,1192.48707534981
2015,ore,1097.737198729354
1998,ore,416.78616109720565
2004,ore,757.6623594866988
2000,ore,497.7387657852394
1997,ore,398.60931373535067
2007,ore,884.2114206257146
2010,ore,804.3570379554619
2003,ore,648.9731415329155
2011,ore,824.0850735268712
2001,ore,520.7691278451296
2008,edu,256.44613864160584
2009,edu,272.59691373062344
2005,edu,194.40019382693302
2006,edu,212.7607250860087
2012,edu,308.43519597987523
2014,edu,328.92822695978776
2013,edu,318.58179885882714
1999,edu,129.2799219516085
2002,edu,165.59472212627372
2017,edu,363.77786032589825
2016,edu,352.15611441975074
2015,edu,340.6979541849979
1998,edu,121.1440497353808
2004,edu,184.63523362045035
2000,edu,140.92343860662086
1997,edu,112.46729851766115
2007,edu,235.84962506272464
2010,edu,292.02857952090056
2003,edu,175.91427471086263
2011,edu,305.4301616932094
2001,edu,154.84257729056242
2008,ote,268.7746823845504
2009,ote,247.51358595286987
2005,ote,205.6266857667136
2006,ote,213.47153484765334
2012,ote,289.8488631250997
2014,ote,324.34137407603384
2013,ote,305.326639631938
1999,ote,180.00536844546428
2002,ote,175.5292498285812
2017,ote,319.3505932113658
2016,ote,316.15933859080747
2015,ote,332.5131412616233
1998,ote,183.69015117919426
2004,ote,176.6849920902543
2000,ote,162.3506140900866
1997,ote,155.31585407722375
2007,ote,262.9385867278402
2010,ote,248.3447245034162
2003,ote,171.99299847371012
2011,ote,257.8778553282895
2001,ote,180.99122597333232
2008,man,430.62732618498484
2009,man,399.07354516113463
2005,man,353.6758409423345
2006,man,382.43972832724285
2012,man,477.1978760138578
2014,man,529.5951705815646
2013,man,497.3423884417443
1999,man,239.37124565189208
2002,man,260.9439551817086
2017,man,600.540776425678
2016,man,564.6604861573736
2015,man,559.8999045411035
1998,man,221.0026760349081
2004,man,319.8151966013314
2000,man,259.19900049739
1997,man,194.5460447750979
2007,man,431.94431887296884
2010,man,420.7660734783276
2003,man,279.7186785948508
2011,man,444.7449851773685
2001,man,258.86121844869047
2008,mch,351.9132301060228
2009,mch,284.47057397207163
2005,mch,297.2837024236083
2006,mch,321.79527173812784
2012,mch,401.96613833312244
2014,mch,406.25748976508896
2013,mch,394.3268666289579
1999,mch,274.3202487721916
2002,mch,245.54746487914
2017,mch,378.01925644857846
2016,mch,348.50794284872984
2015,mch,376.66529583368424
1998,mch,276.43479206720576
2004,mch,264.3487388808739
2000,mch,293.0254070084214
1997,mch,268.2496612279499
2007,mch,344.76687809062685
2010,mch,316.65184405779974
2003,mch,248.9535736628906
2011,mch,366.3804788679447
2001,mch,264.0558938027308
2008,dat,137.20460993446852
2009,dat,142.5775920584437
2005,dat,95.8159344230112
2006,dat,108.05807479611023
2012,dat,220.48621327982156
2014,dat,260.0649248302596
2013,dat,240.06080061447722
1999,dat,69.01167463093874
2002,dat,80.46427841349895
2017,dat,366.80454154812475
2016,dat,323.94150988182554
2015,dat,289.61225186516214
1998,dat,50.13658620501689
2004,dat,88.82959571501432
2000,dat,78.56002794287214
1997,dat,45.81223833496336
2007,dat,117.50180089982213
2010,dat,161.6909862860781
2003,dat,81.82212815998223
2011,dat,187.67469496710746
2001,dat,80.55898622741114
2008,amd,182.269535376709
2009,amd,167.2638814706649
2005,amd,164.53776703891333
2006,amd,173.42918797206613
2012,amd,196.50541127493184
2014,amd,223.66531495876356
2013,amd,206.27940130122704
1999,amd,124.16011233639797
2002,amd,137.63680687932055
2017,amd,249.22395800750206
2016,amd,243.9501862446277
2015,amd,237.07142769718257
1998,amd,114.85409687487149
2004,amd,151.79539960764265
2000,amd,139.85645846110495
1997,amd,108.15696418228382
2007,amd,177.4530602135867
2010,amd,169.72621616727375
2003,amd,140.48248953411908
2011,amd,181.64125358804668
2001,amd,134.59883040363383
2008,oil,368.501881947332
2009,oil,219.52550986257367
2005,oil,240.8554297363108
2006,oil,247.55348292031883
2012,oil,347.33303163654097
2014,oil,460.4137194476896
2013,oil,410.1018546029806
1999,oil,81.95438491965562
2002,oil,112.64393696197392
2017,oil,295.7140436509583
2016,oil,222.55420372150004
2015,oil,260.1286695107281
1998,oil,69.13355445420207
2004,oil,184.26882753898659
2000,oil,137.85128408404626
1997,oil,93.91917112675912
2007,oil,264.86199133460855
2010,oil,294.05653224889073
2003,oil,160.4709628684835
2011,oil,358.36639716744725
2001,oil,136.8850478704722
2008,hos,567.7346930522417
2009,hos,608.9806303130387
2005,hos,468.39964666933656
2006,hos,500.54116624702584
2012,hos,709.4941471312726
2014,hos,759.3913958015694
2013,hos,733.7353985026847
1999,hos,302.0225178313811
2002,hos,381.24802760111385
2017,hos,896.4673455786912
2016,hos,857.8250491697131
2015,hos,811.4089096726377
1998,hos,288.65166611763215
2004,hos,434.3500007164058
2000,hos,318.94786806416914
1997,hos,270.22339061373367
2007,hos,528.446226533593
2010,hos,635.435206081128
2003,hos,407.86849291126833
2011,hos,670.2208198405135
2001,hos,344.72529278189035
2008,rnt,280.56585876807935
2009,rnt,243.5528398576686
2005,rnt,243.45074520631215
2006,rnt,254.66160766002602
2012,rnt,288.9173500822762
2014,rnt,326.94732008332903
2013,rnt,307.2660168933245
1999,rnt,182.8374742577558
2002,rnt,195.95797090673727
2017,rnt,318.77204852996067
2016,rnt,316.3088933146634
2015,rnt,320.9772945508079
1998,rnt,165.44057879471373
2004,rnt,224.6207414297508
2000,rnt,204.23206294393867
1997,rnt,145.3584958431763
2007,rnt,261.60406076154874
2010,rnt,260.5213621806613
2003,rnt,212.84312323311994
2011,rnt,275.76870299425826
2001,rnt,203.9442439097976
2008,pla,198.11343568099804
2009,pla,167.71534756236716
2005,pla,197.28940110953044
2006,pla,208.8360443550184
2012,pla,215.55824536845984
2014,pla,230.01314427905172
2013,pla,223.24298670448152
1999,pla,171.43170816602822
2002,pla,172.554044148448
2017,pla,228.69678989191377
2016,pla,231.4732823641754
2015,pla,232.29631388232943
1998,pla,162.7486881731202
2004,pla,182.01831770111755
2000,pla,178.03834266313112
1997,pla,158.15069766937748
2007,pla,205.36651090209347
2010,pla,185.90814124981534
2003,pla,175.34013680879477
2011,pla,199.928426402825
2001,pla,169.68187153910017
2008,fof,43.90018483640454
2009,fof,40.90858094842615
2005,fof,46.20861580982817
2006,fof,47.26067694363882
2012,fof,46.1601966038111
2014,fof,54.88196615001882
2013,fof,48.44119217934516
1999,fof,44.92780435274306
2002,fof,39.12430016453636
2017,fof,55.4276965778425
2016,fof,52.31506743097354
2015,fof,52.84408771430707
1998,fof,41.56303317337581
2004,fof,44.97441834932069
2000,fof,38.8496353871694
1997,fof,38.08396113638649
2007,fof,43.96520288559573
2010,fof,44.98666268189191
2003,fof,40.97257042827881
2011,fof,48.29812536419303
2001,fof,38.60694954423642
2008,fin,119.45197692896016
2009,fin,99.5807373642149
2005,fin,87.93064067151053
2006,fin,97.6345476438602
2012,fin,116.96518585660725
2014,fin,144.62309003414734
2013,fin,138.35292649197586
1999,fin,74.46869596267285
2002,fin,71.2407275045277
2017,fin,154.90812758964492
2016,fin,155.2712534926624
2015,fin,163.21979545826852
1998,fin,65.24361564930294
2004,fin,80.37004114198903
2000,fin,89.90665736104866
1997,fin,56.013928870123465
2007,fin,114.33819409048516
2010,fin,108.7418288739098
2003,fin,70.0706599193193
2011,fin,113.93747447053607
2001,fin,80.70780058800537
2008,tsv,1045.5665191063881
2009,tsv,997.1630541790892
2005,tsv,855.1785521054945
2006,tsv,917.3543484572918
2012,tsv,1119.593883050411
2014,tsv,1219.0904796642362
2013,tsv,1148.031066882176
1999,tsv,607.4838596321613
2002,tsv,708.3493795451863
2017,tsv,1419.2333408244738
2016,tsv,1342.116024375583
2015,tsv,1280.761466668606
1998,tsv,563.5811711187511
2004,tsv,791.21743707785
2000,tsv,671.5731089080087
1997,tsv,518.1905234074436
2007,tsv,993.4419241746601
2010,tsv,1023.2703246318487
2003,tsv,732.4652392917293
2011,tsv,1077.8220813394564
2001,tsv,694.6641054200671
2008,nrs,179.91723512370524
2009,nrs,185.08524037079562
2005,nrs,153.66241668591903
2006,nrs,161.9132698118683
2012,nrs,206.61688125442265
2014,nrs,218.57851415289272
2013,nrs,211.43142601348688
1999,nrs,105.0687644609811
2002,nrs,127.68571650060055
2017,nrs,245.1287000968078
2016,nrs,237.88553939125467
2015,nrs,228.40736325771874
1998,nrs,101.25063835493283
2004,nrs,143.70938882955954
2000,nrs,111.70719202845837
1997,nrs,94.47061708909243
2007,nrs,171.18427753268497
2010,nrs,193.95336373095614
2003,nrs,136.5282303423714
2011,nrs,200.00127802624766
2001,nrs,120.48908278534363
2008,sec,478.21417349493026
2009,sec,431.7353545662568
2005,sec,377.6198302251606
2006,sec,441.9563594379018
2012,sec,473.05045451377885
2014,sec,552.7833946535746
2013,sec,512.0362989257216
1999,sec,290.7981488630164
2002,sec,283.2550349894161
2017,sec,610.2939855425356
2016,sec,568.6869156106087
2015,sec,562.6009574784962
1998,sec,241.5813608346727
2004,sec,340.8783741744824
2000,sec,358.08792814478716
1997,sec,204.07316391532868
2007,sec,502.5361316789384
2010,sec,451.0907806430973
2003,sec,304.89605477218316
2011,sec,455.9382829281446
2001,sec,309.6177956747475
2008,art,126.710293347091
2009,art,128.4272709612778
2005,art,102.30524402242764
2006,art,112.03577471292189
2012,art,139.4327394172809
2014,art,153.44515869633983
2013,art,144.07107705901993
1999,art,66.40605579247499
2002,art,87.80239434212478
2017,art,182.77355678630173
2016,art,170.8021128042989
2015,art,163.33563528833403
1998,art,62.17145554045378
2004,art,97.26572750215095
2000,art,72.96892870247947
1997,art,57.281951943140754
2007,art,121.7276375075072
2010,art,129.1126086257776
2003,art,94.0353742741018
2011,art,131.50300890386688
2001,art,79.9850326953871
2008,mov,128.45135677831695
2009,mov,120.5726447139475
2005,mov,131.2132209259761
2006,mov,133.49249028787997
2012,mov,128.60081374171955
2014,mov,133.51972524405653
2013,mov,132.02008157663357
1999,mov,103.15415034605888
2002,mov,120.80894539956152
2017,mov,148.71868293235448
2016,mov,146.055884036452
2015,mov,139.66331279015623
1998,mov,95.50262103941483
2004,mov,127.28538039670622
2000,mov,113.66781854062664
1997,mov,88.37854222269438
2007,mov,134.391869115157
2010,mov,127.0733230696507
2003,mov,128.71436181317856
2011,mov,125.45765429298581
2001,mov,120.30770370699868
2008,fpd,76.41333105336547
2009,fpd,59.359063822725275
2005,fpd,83.75106709839905
2006,fpd,85.8189610482523
2012,fpd,65.24930611519694
2014,fpd,68.43096547867034
2013,fpd,66.78564781245751
1999,fpd,70.33576006874924
2002,fpd,75.15583902926267
2017,fpd,75.0972381774275
2016,fpd,73.61442190799585
2015,fpd,73.20611050755204
1998,fpd,67.98320982556233
2004,fpd,77.88625814384204
2000,fpd,75.41419300341458
1997,fpd,63.17960749169294
2007,fpd,85.0274324853022
2010,fpd,56.85781576875367
2003,fpd,74.84302263859604
2011,fpd,56.74855510977078
2001,fpd,72.3249516112064
2008,slg,1855.1965964483893
2009,slg,1888.21521619404
2005,slg,1572.8101489114763
2006,slg,1662.5474389596607
2012,slg,1945.7496828806989
2014,slg,2074.9221025089737
2013,slg,2017.4338235500966
1999,slg,1128.9288531891461
2002,slg,1373.27147505278
2017,slg,2292.6215644554077
2016,slg,2207.0912764992413
2015,slg,2142.257383147455
1998,slg,1051.3632061333735
2004,slg,1489.812533211186
2000,slg,1214.3312652670961
1997,slg,992.0738972135418
2007,slg,1767.3703050961353
2010,slg,1915.8312850737318
2003,slg,1419.4418931758591
2011,slg,1927.6134710294668
2001,slg,1305.7452282497773
2008,pri,98.72551119238828
2009,pri,83.84847393418184
2005,pri,98.67916393895196
2006,pri,100.44708238630481
2012,pri,82.80290989496712
2014,pri,82.12572782634668
2013,pri,83.05505712246152
1999,pri,103.55054999137113
2002,pri,99.37708205130633
2017,pri,81.40429983410601
2016,pri,84.13980035667652
2015,pri,81.8912327467227
1998,pri,100.83325659924276
2004,pri,95.99998716152248
2000,pri,106.81567024914072
1997,pri,98.1236710326365
2007,pri,103.10997387548815
2010,pri,83.51966353150861
2003,pri,95.13761399029677
2011,pri,83.90362695869717
2001,pri,103.80972243118097
2008,grd,44.84053101580858
2009,grd,44.329588060266545
2005,grd,36.88578564009786
2006,grd,42.185873443827276
2012,grd,50.24577244477739
2014,grd,61.00479255059707
2013,grd,54.787199346404606
1999,grd,26.20766904699417
2002,grd,27.29582633154503
2017,grd,76.08842991092563
2016,grd,71.344054414743
2015,grd,64.88714976944019
1998,grd,26.36045635603156
2004,grd,33.219258372046625
2000,grd,25.894530883802325
1997,grd,24.15413955447529
2007,grd,44.726534213550295
2010,grd,44.39825624346393
2003,grd,27.91225196187051
2011,grd,48.552559446573525
2001,grd,26.710539412169407
2008,pip,29.993529753303346
2009,pip,26.302895492888148
2005,pip,21.815380827149482
2006,pip,23.215950936375986
2012,pip,35.208703250205104
2014,pip,40.467494365303324
2013,pip,37.55420754106207
1999,pip,22.583406948260485
2002,pip,21.116577919799585
2017,pip,45.100466754993555
2016,pip,42.94531222642351
2015,pip,42.28939168079497
1998,pip,22.898059071851858
2004,pip,21.96802226105444
2000,pip,22.237132920704163
1997,pip,22.973237080575593
2007,pip,24.647638180494738
2010,pip,29.91241039730808
2003,pip,21.394981703096615
2011,pip,33.475721251984616
2001,pip,21.805390430654956
2008,sle,256.632538346832
2009,sle,274.295868836325
2005,sle,210.64032871790695
2006,sle,227.24864556500273
2012,sle,316.56664246483876
2014,sle,338.23862551878057
2013,sle,327.6436119576712
1999,sle,152.3572404000308
2002,sle,173.5631870733017
2017,sle,365.6045095080278
2016,sle,356.9256937892656
2015,sle,347.1896334196175
1998,sle,145.84791772284095
2004,sle,197.01520479690151
2000,sle,157.3033496635536
1997,sle,143.08242987617635
2007,sle,239.21519177735502
2010,sle,291.02759975278786
2003,sle,184.3191412518861
2011,sle,305.18644216648056
2001,sle,163.19274098735403
2008,osv,540.9904809262814
2009,osv,510.52117741939
2005,osv,488.87585350075636
2006,osv,514.118951893975
2012,osv,563.6182080602641
2014,osv,605.9267457568277
2013,osv,571.1520072339696
1999,osv,395.22919408868785
2002,osv,451.056418543834
2017,osv,675.9503766577045
2016,osv,656.6919108902338
2015,osv,626.5578173387644
1998,osv,377.060022773539
2004,osv,479.67189630739955
2000,osv,418.3358458033912
1997,osv,345.80575193105756
2007,osv,524.7126914707846
2010,osv,525.2685049431175
2003,osv,461.1199742588741
2011,osv,537.7693796272875
2001,osv,434.9226526428259
2008,trn,66.95445730341258
2009,trn,54.47544546887962
2005,trn,50.88326548829555
2006,trn,57.08040440697242
2012,trn,77.8614014652494
2014,trn,87.21234472436302
2013,trn,81.27384406017791
1999,trn,37.88014737828063
2002,trn,40.01470069873106
2017,trn,77.8068628483254
2016,trn,73.88984435517375
2015,trn,80.5381046864843
1998,trn,37.39687582093885
2004,trn,45.056032708498286
2000,trn,38.63110525302403
1997,trn,37.963883479078866
2007,trn,59.291284096777595
2010,trn,66.01516913565088
2003,trn,40.86388827538427
2011,trn,74.51588496760407
2001,trn,39.031606466412136
2008,smn,109.1386705316252
2009,smn,70.9995023466182
2005,smn,59.84957308779254
2006,smn,85.4641180068049
2012,smn,124.86958753860952
2014,smn,151.38325687562434
2013,smn,121.35739749827103
1999,smn,17.015175171890547
2002,smn,23.989519360466755
2017,smn,88.11556403047172
2016,smn,60.35624379616092
2015,smn,119.94116371134035
1998,smn,23.112929554893686
2004,smn,40.654220710351645
2000,smn,20.008608701119517
1997,smn,21.95329299341974
2007,smn,93.86136285220958
2010,smn,81.2606956574545
2003,smn,28.73894488343478
2011,smn,96.29929984884173
2001,smn,28.46209223965539
2008,fmt,354.9297669917706
2009,fmt,279.01679495899504
2005,fmt,286.0827272424134
2006,fmt,314.36679001450347
2012,fmt,340.4143184636952
2014,fmt,357.10991930612084
2013,fmt,346.9537639338527
1999,fmt,255.71348971652802
2002,fmt,245.3744099600379
2017,fmt,360.98070197284005
2016,fmt,334.4671092898922
2015,fmt,348.58213729088783
1998,fmt,253.03764516823304
2004,fmt,258.473191598919
2000,fmt,267.70568947757135
1997,fmt,242.1895280429738
2007,fmt,339.77083189930323
2010,fmt,293.3941003379244
2003,fmt,242.74894358554752
2011,fmt,323.7829091619914
2001,fmt,251.5754763627748
2008,pet,731.945427863782
2009,pet,481.73472023079177
2005,pet,460.67422985088416
2006,pet,535.2703186287482
2012,pet,831.9107502327265
2014,pet,765.1463946213954
2013,pet,831.4117210066108
1999,pet,159.6492439853945
2002,pet,212.87585251950543
2017,pet,521.8462944623059
2016,pet,421.87530552645524
2015,pet,499.033297153472
1998,pet,135.90902799846043
2004,pet,323.6876402133899
2000,pet,231.91645458311098
1997,pet,175.0612119894603
2007,pet,604.7780146693377
2010,pet,606.5504393267153
2003,pet,244.9032056026407
2011,pet,815.1403358232767
2001,pet,217.26757771565002
2008,mvt,154.54019413086732
2009,mvt,124.04877456497091
2005,mvt,179.4248123958784
2006,mvt,180.91973723732096
2012,mvt,186.6700916132071
2014,mvt,212.85859132678692
2013,mvt,197.22904744370723
1999,mvt,169.08070477699258
2002,mvt,180.38339825893692
2017,mvt,263.1889303907725
2016,mvt,253.47886985219432
2015,mvt,236.26980675542904
1998,mvt,151.9450422740732
2004,mvt,186.23122909108764
2000,mvt,168.6145702066691
1997,mvt,151.9077985996014
2007,mvt,181.95882308624996
2010,mvt,167.12708205811646
2003,mvt,181.50492747399394
2011,mvt,166.25501202372536
2001,mvt,156.0550262424129
2008,cep,421.6849102072234
2009,cep,349.71921767878916
2005,cep,406.39859936410306
2006,cep,424.47474684801676
2012,cep,352.45817409515763
2014,cep,345.783795457196
2013,cep,350.36368794175894
1999,cep,484.7329668672267
2002,cep,389.03588992267066
2017,cep,350.9808686952496
2016,cep,338.9400197834917
2015,cep,345.7247613341611
1998,cep,463.1348787269257
2004,cep,396.9139338927026
2000,cep,546.8237311019905
1997,cep,459.63349463046876
2007,cep,442.6502559856618
2010,cep,357.37085692628034
2003,cep,386.63203721415493
2011,cep,359.8132001873082
2001,cep,461.6322521966588
2008,wst,77.45564596883357
2009,wst,73.00545953135838
2005,wst,65.30480422582771
2006,wst,71.77942791193819
2012,wst,81.69544961140623
2014,wst,87.72852750003503
2013,wst,83.0976817196705
1999,wst,49.05949431311806
2002,wst,52.50218192651611
2017,wst,98.21845695857094
2016,wst,92.70738549439567
2015,wst,87.8088235931865
1998,wst,44.70206219194353
2004,wst,60.694127683289025
2000,wst,51.3404236515091
1997,wst,40.144429450800885
2007,wst,74.52762429003126
2010,wst,80.49562571855294
2003,wst,56.168203849047615
2011,wst,81.29480641104571
2001,wst,52.23915522662246
2008,mot,422.9975154872101
2009,mot,348.5029536830347
2005,mot,520.8934748924279
2006,mot,523.1570675532411
2012,mot,510.31260445579704
2014,mot,625.5241024419893
2013,mot,562.2880524506663
1999,mot,500.9082657934738
2002,mot,475.3059520412788
2017,mot,707.6009448912605
2016,mot,697.1227833042013
2015,mot,673.8317553442804
1998,mot,445.6645244290849
2004,mot,505.68651238027456
2000,mot,480.33654644992737
1997,mot,428.93639047185144
2007,mot,510.41194554198887
2010,mot,432.37389026693666
2003,mot,486.7016855874131
2011,mot,495.32207379150856
2001,mot,457.38158772356024
2008,adm,597.958532504811
2009,adm,555.5276661724727
2005,adm,510.0139671693183
2006,adm,545.6618710415504
2012,adm,656.9004143121044
2014,adm,752.4991307726419
2013,adm,685.237949191864
1999,adm,382.2667647893565
2002,adm,411.2877234935803
2017,adm,911.5314975619685
2016,adm,855.0192813083488
2015,adm,802.6048437941047
1998,adm,349.8648710825061
2004,adm,466.7041562575221
2000,adm,419.6238930606919
1997,adm,306.4039712772383
2007,adm,584.7874297028076
2010,adm,585.6431430361987
2003,adm,431.7800081770629
2011,adm,623.5128713472701
2001,adm,415.917846027026
2008,soc,144.7873301455493
2009,soc,152.71802626973601
2005,soc,116.41188278921202
2006,soc,123.89610565904646
2012,soc,168.75146004581777
2014,soc,179.12739570403764
2013,soc,171.95814616773995
1999,soc,73.49733491762561
2002,soc,100.14669761009797
2017,soc,209.16847716018742
2016,soc,195.96980233353594
2015,soc,186.37983365898697
1998,soc,66.06456661912105
2004,soc,109.68421857169764
2000,soc,82.83297340823228
1997,soc,61.345141594975956
2007,soc,133.45903282631062
2010,soc,161.9419467998273
2003,soc,105.98988743542903
2011,soc,163.74503827370737
2001,soc,93.2739647870432
2008,alt,26.565177690987483
2009,alt,24.333359254868014
2005,alt,40.09635966303169
2006,alt,38.97792508882565
2012,alt,19.040507273958248
2014,alt,18.934870817115094
2013,alt,19.405398749996067
1999,alt,75.54053773184731
2002,alt,50.57634550229975
2017,alt,18.911766686891475
2016,alt,18.218845950015186
2015,alt,18.537527339093
1998,alt,78.60162594178871
2004,alt,38.97258018983631
2000,alt,74.94340525069872
1997,alt,86.71069738191103
2007,alt,29.667577540849297
2010,alt,23.12929002793937
2003,alt,44.66894112221857
2011,alt,24.6878569462032
2001,alt,58.53757094066471
2008,pmt,269.33793909315085
2009,pmt,160.16224290790697
2005,pmt,196.01473986145157
2006,pmt,224.60490075100554
2012,pmt,257.9144969777345
2014,pmt,252.9900995761056
2013,pmt,251.71440967802374
1999,pmt,150.25767478652472
2002,pmt,133.92962973425773
2017,pmt,213.11336663849505
2016,pmt,196.11281354222828
2015,pmt,217.6304419791972
1998,pmt,160.0391555131061
2004,pmt,175.12261679930597
2000,pmt,149.45995027078263
1997,pmt,161.52403094794207
2007,pmt,246.47161331792037
2010,pmt,223.88960908932108
2003,pmt,132.41265168864177
2011,pmt,268.8093203691457
2001,pmt,132.00136568926416
2008,trk,273.08597286771396
2009,trk,222.21357389037337
2005,trk,246.10855101960254
2006,trk,262.01692633583946
2012,trk,288.6593533231818
2014,trk,323.4220741742152
2013,trk,298.66013079939
1999,trk,178.17612408244187
2002,trk,195.03263428280604
2017,trk,332.6728962093348
2016,trk,318.1915841144053
2015,trk,322.938589849012
1998,trk,167.7817823596484
2004,trk,221.630201907238
2000,trk,191.00912169195502
1997,trk,157.34815005654903
2007,trk,267.8230575773004
2010,trk,241.79356568337707
2003,trk,200.85239072397889
2011,trk,267.65230148083435
2001,trk,191.6221227946471
2008,fdd,602.6292472219444
2009,fdd,633.2602643833119
2005,fdd,493.64070181178494
2006,fdd,519.0209753576394
2012,fdd,673.2834973770931
2014,fdd,622.805576448329
2013,fdd,634.9257181119783
1999,fdd,311.36117032691556
2002,fdd,371.77239998494423
2017,fdd,625.7375321041344
2016,fdd,613.4863931917989
2015,fdd,611.8870720071845
1998,fdd,298.91727310680415
2004,fdd,462.6545209000167
2000,fdd,319.47311386663773
1997,fdd,302.87947417956775
2007,fdd,546.4462962898963
2010,fdd,672.0161815897535
2003,fdd,424.84240021138163
2011,fdd,684.7333795491699
2001,fdd,337.6389182208411
2008,gmt,164.5760801923482
2009,gmt,172.37944797004386
2005,gmt,148.183079689277
2006,gmt,151.56718782786044
2012,gmt,174.2548048048706
2014,gmt,184.1126961098332
2013,gmt,178.93333220054132
1999,gmt,105.6612155820091
2002,gmt,112.34846860684523
2017,gmt,191.2790099455153
2016,gmt,189.25155509036557
2015,gmt,189.9124898373224
1998,gmt,98.49518244377245
2004,gmt,141.89443591424518
2000,gmt,108.87081823955137
1997,gmt,93.10652118295033
2007,gmt,162.70851162711406
2010,gmt,178.49007646277283
2003,gmt,128.17622075364227
2011,gmt,175.9351277700748
2001,gmt,110.76756747967603
2008,wtt,51.08238430803615
2009,wtt,42.41034573230541
2005,wtt,36.95867508370292
2006,wtt,41.31813905371336
2012,wtt,45.58156105488673
2014,wtt,47.04126241996414
2013,wtt,42.58319724575962
1999,wtt,24.770726803361487
2002,wtt,25.405182884866385
2017,wtt,46.59534086788734
2016,wtt,45.32363830635195
2015,wtt,46.39868438911276
1998,wtt,23.71000898915167
2004,wtt,34.781380864347604
2000,wtt,26.311239044114938
1997,wtt,23.83015724469904
2007,wtt,46.08402643979994
2010,wtt,43.61159650017348
2003,wtt,29.335628232653956
2011,wtt,43.69617928731999
2001,wtt,26.163453105999512
2008,wpd,88.80922408162073
2009,wpd,65.8472630682101
2005,wpd,114.2185956257037
2006,wpd,113.97863877529842
2012,wpd,80.35659680278138
2014,wpd,97.11950862367276
2013,wpd,90.14308842323884
1999,wpd,97.66284267722175
2002,wpd,89.70161974787811
2017,wpd,112.04568011546674
2016,wpd,104.96781366382169
2015,wpd,100.46651941631859
1998,wpd,91.44698288364661
2004,wpd,105.54960164031823
2000,wpd,94.6244735562746
1997,wpd,88.44486111407615
2007,wpd,102.79620150702378
2010,wpd,71.5185163661642
2003,wpd,92.1969084279299
2011,wpd,72.57949518220953
2001,wpd,87.67419046492085
2008,wht,1154.4952343835034
2009,wht,1001.2761601916831
2005,wht,945.0638893779656
2006,wht,1023.7454091339557
2012,wht,1458.0770146266104
2014,wht,1605.2293642969091
2013,wht,1527.5187395985056
1999,wht,692.5227549104449
2002,wht,754.6948604104897
2017,wht,1700.0969785548587
2016,wht,1610.4826138971887
2015,wht,1625.7957287744885
1998,wht,644.1662751375285
2004,wht,866.6688669321857
2000,wht,743.1992545905771
1997,wht,623.3289980128299
2007,wht,1095.6551044083276
2010,wht,1186.6050843634894
2003,wht,786.3750353804351
2011,wht,1342.0806565295534
2001,wht,726.8845056973113
2008,wrh,76.5857901090964
2009,wrh,78.42182336038913
2005,wrh,52.936545783795076
2006,wrh,61.23550352853223
2012,wrh,108.57963883178306
2014,wrh,115.90188357398908
2013,wrh,112.56503674286066
1999,wrh,30.924843604251063
2002,wrh,39.51196695291652
2017,wrh,132.37489936228957
2016,wrh,126.1626305483879
2015,wrh,119.72579958356269
1998,wrh,28.491355192244917
2004,wrh,49.473635357310606
2000,wrh,33.64414147958085
1997,wrh,26.225265976431512
2007,wrh,68.7263568385324
2010,wrh,88.16884525310975
2003,wrh,45.06932966124486
2011,wrh,97.28745135855542
2001,wrh,36.18659162358667
2008,ott,612.4150149796296
2009,ott,585.0488228610774
2005,ott,590.2828447563954
2006,ott,628.6880755572557
2012,ott,667.7063246468512
2014,ott,750.1197588213431
2013,ott,715.8300454710115
1999,ott,425.15631975924424
2002,ott,477.36974585177035
2017,ott,880.7383039579269
2016,ott,839.6510498063768
2015,ott,802.4930760949925
1998,ott,403.05456530909044
2004,ott,557.4926078358857
2000,ott,461.0999436170445
1997,ott,383.12973921562684
2007,ott,643.8693669848066
2010,ott,605.2124376681022
2003,ott,511.32225465549004
2011,ott,629.8268112123183
2001,ott,456.8229130426035
2008,che,732.6183089582963
2009,che,619.1514385195062
2005,che,607.923972254813
2006,che,657.1666311929699
2012,che,786.287631075688
2014,che,823.0582999234492
2013,che,823.9177789720028
1999,che,427.8110505679794
2002,che,468.920777665008
2017,che,790.3506790801639
2016,che,770.2121319973561
2015,che,778.039348284221
1998,che,420.0217920435023
2004,che,543.9185936033446
2000,che,452.19987102167744
1997,che,415.3810009609858
2007,che,725.2496810920694
2010,che,712.5386770624305
2003,che,489.1559271766632
2011,che,776.3130619264714
2001,che,444.59467945230114
2008,air,154.67630728032717
2009,air,130.6388175597527
2005,air,127.3248826672251
2006,air,137.9966599383012
2012,air,178.98694571905196
2014,air,190.8169174378989
2013,air,182.37176884157955
1999,air,110.0823729655078
2002,air,102.39764066345398
2017,air,196.53620593337942
2016,air,186.59317136079497
2015,air,189.3603236076795
1998,air,104.63280792198817
2004,air,118.13661580181804
2000,air,122.2119827165931
1997,air,104.83605272184967
2007,air,144.52449055089906
2010,air,148.43768022235795
2003,air,112.1170911320673
2011,air,178.05582105820199
2001,air,112.26877223431491
2008,mmf,168.40305241008662
2009,mmf,159.76700589612497
2005,mmf,147.51521314325794
2006,mmf,155.1698162550426
2012,mmf,154.4512646694588
2014,mmf,160.14355213764344
2013,mmf,164.98307298122887
1999,mmf,114.16920007609656
2002,mmf,126.20019797314109
2017,mmf,169.5962962925887
2016,mmf,165.9551172840601
2015,mmf,163.8143800432076
1998,mmf,115.56048912172676
2004,mmf,133.05218613234055
2000,mmf,128.13407520192405
1997,mmf,110.0003923391437
2007,mmf,158.03017264207028
2010,mmf,158.58918138388833
2003,mmf,130.99075101330484
2011,mmf,160.69222840753176
2001,mmf,118.39245455525472
2008,otr,176.01922562540653
2009,otr,153.66009485442973
2005,otr,150.98679886027207
2006,otr,165.79388000293767
2012,otr,185.31928355222675
2014,otr,206.78928459020852
2013,otr,193.2343056116162
1999,otr,104.82090710574587
2002,otr,124.01562773378653
2017,otr,230.19121128817557
2016,otr,220.68436531310894
2015,otr,216.20618858194328
1998,otr,95.13042241318661
2004,otr,140.6034948674937
2000,otr,116.59634275207104
1997,otr,84.93935697122821
2007,otr,176.9778604919164
2010,otr,163.6854988629633
2003,otr,128.92234778083335
2011,otr,177.05636618271436
2001,otr,120.4595812476399
2008,min,112.69793090957532
2009,min,102.43974966409482
2005,min,81.50637208968581
2006,min,97.87016119751779
2012,min,119.25563304385783
2014,min,113.27576335161147
2013,min,109.78117625431645
1999,min,51.24917285206609
2002,min,52.64225699185882
2017,min,99.77416292550723
2016,min,88.68614844824474
2015,min,100.39358725687241
1998,min,53.64784488419885
2004,min,65.04895567114896
2000,min,52.82368792440591
1997,min,54.34445332356461
2007,min,101.36124898077104
2010,min,108.8988705768236
2003,min,55.30211556723117
2011,min,125.52406753421431
2001,min,53.004197504369586
