yr,j,value
2008,ppd,0.009683601191653901
2009,ppd,0.011125192755514211
2005,ppd,0.010116955767291222
2006,ppd,0.009915861788325972
2012,ppd,0.009264134245930837
2014,ppd,0.008514705243494505
2013,ppd,0.009071074019527626
1999,ppd,0.010431768245929422
2002,ppd,0.01002957607624055
2017,ppd,0.009486052521147606
2016,ppd,0.00922345874099228
2015,ppd,0.008752891139684523
1998,ppd,0.010653125593021812
2004,ppd,0.010362999960671726
2000,ppd,0.010065366684432682
1997,ppd,0.010630720227935543
2007,ppd,0.009915747795861053
2010,ppd,0.010208610741233911
2003,ppd,0.01046132276416188
2011,ppd,0.00956423866032098
2001,ppd,0.009463681585603305
2008,res,0.0071122669019335165
2009,res,0.007447415142336017
2005,res,0.007547525192051556
2006,res,0.00718562874251497
2012,res,0.006459038240206302
2014,res,0.005886303542271018
2013,res,0.0063764273688452664
1999,res,0.00994428839677835
2002,res,0.007795494015858172
2017,res,0.0055598908813841675
2016,res,0.005599022072509341
2015,res,0.005634218972689247
1998,res,0.009865728253815017
2004,res,0.007665729927179097
2000,res,0.009783078385619221
1997,res,0.009647958407654764
2007,res,0.00728746433139821
2010,res,0.00725439326447697
2003,res,0.007458237610969347
2011,res,0.00675376662963541
2001,res,0.007979010171440896
2008,com,0.0049858900028255755
2009,com,0.005305078026453309
2005,com,0.006063268892794375
2006,com,0.005809197604580868
2012,com,0.004151564886366227
2014,com,0.00459275110338371
2013,com,0.0042116998544486075
1999,com,0.006227088375921205
2002,com,0.006409318978341444
2017,com,0.004537517751961446
2016,com,0.004664202309464226
2015,com,0.004722916076191788
1998,com,0.006124699673086771
2004,com,0.006376970938804069
2000,com,0.006410655380593763
1997,com,0.006438379579511139
2007,com,0.005498538040385407
2010,com,0.005040172654832452
2003,com,0.006198841728340982
2011,com,0.004487038798253956
2001,com,0.006274629271120982
2008,amb,0.0085112612703363
2009,amb,0.008632273933587934
2005,amb,0.009038611878517568
2006,amb,0.00886553100029363
2012,amb,0.007794482893743552
2014,amb,0.007796983213022437
2013,amb,0.007960447314407905
1999,amb,0.010854386187634886
2002,amb,0.008545279583776823
2017,amb,0.007752962551131721
2016,amb,0.007725501529752947
2015,amb,0.00774289894387444
1998,amb,0.01074952214803964
2004,amb,0.008657965839610027
2000,amb,0.010881347083781285
1997,amb,0.010584384937367986
2007,amb,0.008791224335353736
2010,amb,0.008416026727834846
2003,amb,0.00812886063472942
2011,amb,0.008111344232526803
2001,amb,0.008540319006631403
2008,fbp,0.0067080214352491065
2009,fbp,0.007370826762182247
2005,fbp,0.007843362211707212
2006,fbp,0.0081589232370432
2012,fbp,0.006188189922845855
2014,fbp,0.006548264920751174
2013,fbp,0.00697271691283266
1999,fbp,0.006721893761010735
2002,fbp,0.007277684412483863
2017,fbp,0.007287804888445117
2016,fbp,0.007171869712676218
2015,fbp,0.006822552911917189
1998,fbp,0.006657681226361162
2004,fbp,0.0073321007468693435
2000,fbp,0.007042719825191932
1997,fbp,0.006516024493786108
2007,fbp,0.0075478770530907095
2010,fbp,0.006914564503857716
2003,fbp,0.0070949994785602785
2011,fbp,0.006471700907482973
2001,fbp,0.006572693205018631
2008,rec,0.02765114782624457
2009,rec,0.028271061230288393
2005,rec,0.02400684969099551
2006,rec,0.024512847807445524
2012,rec,0.025381026438569203
2014,rec,0.02515925139499284
2013,rec,0.023849050145473213
1999,rec,0.022120039413369128
2002,rec,0.023258375907131743
2017,rec,0.027020804554397433
2016,rec,0.025692009837266494
2015,rec,0.025585636353675046
1998,rec,0.021462940756819107
2004,rec,0.023477487261845616
2000,rec,0.022834415719868172
1997,rec,0.02065652767759856
2007,rec,0.02789531278497173
2010,rec,0.026712774076831033
2003,rec,0.02191257728830276
2011,rec,0.025240571339797308
2001,rec,0.02088214460851088
2008,con,0.005035480638471008
2009,con,0.005645780557855587
2005,con,0.005295621663991639
2006,con,0.005079017622741693
2012,con,0.005796099535268534
2014,con,0.005527832437479817
2013,con,0.0057011574709765955
1999,con,0.005301614031081873
2002,con,0.005366266527667392
2017,con,0.005392488950056389
2016,con,0.005339739843144717
2015,con,0.005415341739832814
1998,con,0.005234230868481765
2004,con,0.005337730738449465
2000,con,0.005226352997869812
1997,con,0.0050983752104914746
2007,con,0.005105881631759033
2010,con,0.006038071755767285
2003,con,0.005200404786182579
2011,con,0.0059208170433195815
2001,con,0.005006066691770219
2008,agr,0.02101099624446808
2009,agr,0.023498888544251452
2005,agr,0.01959447322210858
2006,agr,0.021914157419123663
2012,agr,0.019826679405151364
2014,agr,0.021938497091436915
2013,agr,0.01904689634238883
1999,agr,0.021709484628549984
2002,agr,0.023008774652258552
2017,agr,0.023969632317754033
2016,agr,0.02270720649576279
2015,agr,0.02272379141572673
1998,agr,0.019271723051417215
2004,agr,0.01942928758057364
2000,agr,0.020626646988268764
1997,agr,0.019646757066852136
2007,agr,0.02153611283223997
2010,agr,0.022522954474624216
2003,agr,0.021667420448368717
2011,agr,0.020156426518553653
2001,agr,0.019920627405067108
2008,eec,0.008191233804591814
2009,eec,0.010549117507066745
2005,eec,0.010543554263423252
2006,eec,0.00891271684196148
2012,eec,0.008359160685240782
2014,eec,0.008133098552624306
2013,eec,0.008422973802371031
1999,eec,0.006333013829932904
2002,eec,0.0098902843084737
2017,eec,0.008842836217653121
2016,eec,0.008782643631980714
2015,eec,0.008396032696165099
1998,eec,0.006235664512528017
2004,eec,0.009609374999999998
2000,eec,0.006366726654669067
1997,eec,0.006250394027000982
2007,eec,0.008303752535496959
2010,eec,0.009686734656577845
2003,eec,0.01044943820224719
2011,eec,0.008724549890627629
2001,eec,0.008554203780143385
2008,fnd,0.0
2009,fnd,0.0
2005,fnd,0.0
2006,fnd,0.0
2012,fnd,0.0
2014,fnd,0.0
2013,fnd,0.0
1999,fnd,0.0
2002,fnd,0.0
2017,fnd,0.0
2016,fnd,0.0
2015,fnd,0.0
1998,fnd,0.0
2004,fnd,0.0
2000,fnd,0.0
1997,fnd,0.0
2007,fnd,0.0
2010,fnd,0.0
2003,fnd,0.0
2011,fnd,0.0
2001,fnd,0.0
2008,pub,0.008167021522201985
2009,pub,0.009753364789065654
2005,pub,0.007698229407236337
2006,pub,0.007709515980772336
2012,pub,0.009068366745482755
2014,pub,0.013204115308648148
2013,pub,0.008744526544026576
1999,pub,0.0041190835459424925
2002,pub,0.00739245530253396
2017,pub,0.014361962488898792
2016,pub,0.013845195124227438
2015,pub,0.013698844111215244
1998,pub,0.004156825254002175
2004,pub,0.007831662291836997
2000,pub,0.004100895162412456
1997,pub,0.004392517464859861
2007,pub,0.008136111370884783
2010,pub,0.009640033717570254
2003,pub,0.007962161541112943
2011,pub,0.00923772761996426
2001,pub,0.006831071617184451
2008,hou,0.12435876251970104
2009,hou,0.12753165715746875
2005,hou,0.12173626608552623
2006,hou,0.12200602439737203
2012,hou,0.12110308899943695
2014,hou,0.12056130105041166
2013,hou,0.12115035220918371
1999,hou,0.12041409018840961
2002,hou,0.11893344190285263
2017,hou,0.11847894638869931
2016,hou,0.11650615095186853
2015,hou,0.11722288028734094
1998,hou,0.12338419265747651
2004,hou,0.12148148148148147
2000,hou,0.11738878303371715
1997,hou,0.12851480043184713
2007,hou,0.12553844460041563
2010,hou,0.12658085909029018
2003,hou,0.12127869088299419
2011,hou,0.12382967800475173
2001,hou,0.11549515818394859
2008,fbt,0.015789028822584737
2009,fbt,0.016778099439389762
2005,fbt,0.015367611904155778
2006,fbt,0.015424528301886791
2012,fbt,0.015164644714038129
2014,fbt,0.014869044435586818
2013,fbt,0.015323688761409174
1999,fbt,0.0047207106646202516
2002,fbt,0.013811053040320717
2017,fbt,0.015306192050420398
2016,fbt,0.015112133736702317
2015,fbt,0.014710491169365921
1998,fbt,0.004638735903488067
2004,fbt,0.015035126997606738
2000,fbt,0.004850227138212258
1997,fbt,0.004746714951729039
2007,fbt,0.015980421222743468
2010,fbt,0.01597365903579612
2003,fbt,0.014237633860275364
2011,fbt,0.015376007402864307
2001,fbt,0.012959532630379026
2008,ins,0.007328554463378689
2009,ins,0.008854594801721629
2005,ins,0.007844692040772067
2006,ins,0.007667489393279453
2012,ins,0.0072102130547269305
2014,ins,0.0062492807628024205
2013,ins,0.0057878735316508135
1999,ins,0.01077022211117394
2002,ins,0.007765027383108011
2017,ins,0.005626531577363464
2016,ins,0.005882973339874271
2015,ins,0.0059561745710214695
1998,ins,0.010485360063307832
2004,ins,0.007904802536924476
2000,ins,0.00926652786784532
1997,ins,0.013973855556501892
2007,ins,0.007352385860317997
2010,ins,0.008868893602803485
2003,ins,0.007194565367186296
2011,ins,0.007848707782983865
2001,ins,0.008015349931340298
2008,tex,0.0114541656339624
2009,tex,0.014462988585264612
2005,tex,0.008221206296430987
2006,tex,0.008890191481047284
2012,tex,0.011260956213842079
2014,tex,0.010161290322580646
2013,tex,0.010669235186248544
1999,tex,0.00811898593634345
2002,tex,0.008004566452503584
2017,tex,0.010949107953387553
2016,tex,0.010999100943053354
2015,tex,0.010645649291223877
1998,tex,0.00790441596417883
2004,tex,0.008334803914914412
2000,tex,0.008342157900929521
1997,tex,0.007529528112111303
2007,tex,0.010130201050309188
2010,tex,0.012691272741877183
2003,tex,0.008398594238592027
2011,tex,0.011355248963833532
2001,tex,0.007718528386161499
2008,leg,0.003718222898627034
2009,leg,0.0039010797631487287
2005,leg,0.00396731551778972
2006,leg,0.003772720744918277
2012,leg,0.00357019075788319
2014,leg,0.003614256123061974
2013,leg,0.003992808904031187
1999,leg,0.0038522547020167688
2002,leg,0.0036141283113229664
2017,leg,0.0035324462262325295
2016,leg,0.003640915130607426
2015,leg,0.00358538426790244
1998,leg,0.0038580525561855233
2004,leg,0.0037147388354785344
2000,leg,0.003850727056539145
1997,leg,0.003838796740298194
2007,leg,0.0037581874798668534
2010,leg,0.003867381491868444
2003,leg,0.0032695105937466727
2011,leg,0.003681108826020082
2001,leg,0.0035368197244142778
2008,fen,0.0
2009,fen,0.0
2005,fen,0.0
2006,fen,0.0
2012,fen,0.0
2014,fen,0.0
2013,fen,0.0
1999,fen,0.0
2002,fen,0.0
2017,fen,0.0
2016,fen,0.0
2015,fen,0.0
1998,fen,0.0
2004,fen,0.0
2000,fen,0.0
1997,fen,0.0
2007,fen,0.0
2010,fen,0.0
2003,fen,0.0
2011,fen,0.0
2001,fen,0.0
2008,uti,0.048850957367391
2009,uti,0.06373198974630956
2005,uti,0.04993594029942167
2006,uti,0.05316573037976607
2012,uti,0.06507552392984543
2014,uti,0.05632785772628804
2013,uti,0.061851732907448075
1999,uti,0.05271543433812657
2002,uti,0.05224042280799659
2017,uti,0.07340181772335083
2016,uti,0.07065702643009149
2015,uti,0.06108962526432414
1998,uti,0.060359397920785755
2004,uti,0.05678546700193142
2000,uti,0.04691798583863257
1997,uti,0.06032677684398713
2007,uti,0.054782446364811443
2010,uti,0.0579627473054975
2003,uti,0.052657458873030805
2011,uti,0.06041462136854107
2001,uti,0.033866422318186956
2008,nmp,0.010795961575475493
2009,nmp,0.014411627234080434
2005,nmp,0.009390086473677695
2006,nmp,0.008919478039465308
2012,nmp,0.012086929437651337
2014,nmp,0.01135151808927863
2013,nmp,0.011356787705288529
1999,nmp,0.009204635789297517
2002,nmp,0.009563243515910718
2017,nmp,0.011296755584235856
2016,nmp,0.011075542114407049
2015,nmp,0.011029040616482145
1998,nmp,0.009207379009797177
2004,nmp,0.009776891339629648
2000,nmp,0.009464788732394364
1997,nmp,0.009303084707034438
2007,nmp,0.009405585686677887
2010,nmp,0.013570638860586614
2003,nmp,0.009715684038074697
2011,nmp,0.013008580127318016
2001,nmp,0.009054283290924512
2008,brd,0.006343854633593065
2009,brd,0.005934028306791461
2005,brd,0.008589318855913828
2006,brd,0.007403466478240989
2012,brd,0.00528733184254428
2014,brd,0.004491665639675593
2013,brd,0.006259735444904645
1999,brd,0.012195756134800234
2002,brd,0.01015041856076537
2017,brd,0.004341179468083022
2016,brd,0.004279204111725335
2015,brd,0.00442575256239497
1998,brd,0.014156325437537722
2004,brd,0.009377807119124665
2000,brd,0.011467752895406927
1997,brd,0.015505961319978577
2007,brd,0.0068942685968475985
2010,brd,0.005841396230251149
2003,brd,0.009571956099570409
2011,brd,0.005488598343873831
2001,brd,0.009607696310492315
2008,bnk,0.0198636703285085
2009,bnk,0.021442931507924624
2005,bnk,0.017965467574303288
2006,bnk,0.01824021992937415
2012,bnk,0.020063154600375294
2014,bnk,0.019011830684475445
2013,bnk,0.02015575919151187
1999,bnk,0.01772387278346889
2002,bnk,0.016136144553602558
2017,bnk,0.019264473027785615
2016,bnk,0.01970877097732952
2015,bnk,0.019615296424319188
1998,bnk,0.018116727382059477
2004,bnk,0.017599931410280843
2000,bnk,0.017184223246467054
1997,bnk,0.017963706137281495
2007,bnk,0.018938237510118222
2010,bnk,0.021605538457039677
2003,bnk,0.01617351401454327
2011,bnk,0.021921603178920723
2001,bnk,0.015592408773862304
2008,ore,0.026317112437818268
2009,ore,0.0294546942222926
2005,ore,0.021049126214027665
2006,ore,0.022234617913893806
2012,ore,0.024690706247879824
2014,ore,0.023044035581648414
2013,ore,0.023458499211452894
1999,ore,0.02433344636244619
2002,ore,0.025981154984010806
2017,ore,0.021572060802805364
2016,ore,0.022045510933487115
2015,ore,0.022798352036054896
1998,ore,0.02495990256743441
2004,ore,0.02289476321856058
2000,ore,0.022727318332955413
1997,ore,0.02560657373264381
2007,ore,0.02350501483260347
2010,ore,0.027235546102392337
2003,ore,0.025061556726891396
2011,ore,0.02637184642933783
2001,ore,0.02521292299069224
2008,edu,0.024680778130088274
2009,edu,0.025803094759135694
2005,edu,0.025566737043258493
2006,edu,0.02539050579127014
2012,edu,0.023576134913282063
2014,edu,0.022326713738442014
2013,edu,0.02354962286746127
1999,edu,0.026985094903244234
2002,edu,0.02371739235257245
2017,edu,0.02371057147713379
2016,edu,0.02298166230054775
2015,edu,0.022631924343454467
1998,edu,0.026566903439524038
2004,edu,0.024951465236130413
2000,edu,0.027023774976465666
1997,edu,0.02576473822848578
2007,edu,0.02471755899808105
2010,edu,0.02442437784218252
2003,edu,0.023694154760959117
2011,edu,0.02362954216126574
2001,edu,0.022930814530366092
2008,ote,0.008088918627560312
2009,ote,0.009494628994949923
2005,ote,0.008998509151478953
2006,ote,0.00921803386025629
2012,ote,0.007621022036565751
2014,ote,0.00716532573299928
2013,ote,0.007431553204428199
1999,ote,0.007138934651290497
2002,ote,0.009065162251617964
2017,ote,0.008536482444103387
2016,ote,0.00812519569734674
2015,ote,0.007230514693739057
1998,ote,0.0064754303361134365
2004,ote,0.009858931864203536
2000,ote,0.008343737252623641
1997,ote,0.006976684370940984
2007,ote,0.008144713909804415
2010,ote,0.009247792592116057
2003,ote,0.00952967564238149
2011,ote,0.008700770174983448
2001,ote,0.008223167160277305
2008,man,0.019183952375988786
2009,man,0.01870778539390281
2005,man,0.01740412479452287
2006,man,0.017086337981451056
2012,man,0.01509957848493288
2014,man,0.013149701683478815
2013,man,0.014556953124843048
1999,man,0.02228888768353284
2002,man,0.019162749391354945
2017,man,0.012673330593213713
2016,man,0.012987058950523891
2015,man,0.012652399851526141
1998,man,0.02234467669607985
2004,man,0.01813842929386005
2000,man,0.020888603101139342
1997,man,0.02371013867709954
2007,man,0.01586149339855788
2010,man,0.017382240720647136
2003,man,0.018364154541753275
2011,man,0.016026223913604778
2001,man,0.01811324250975729
2008,mch,0.00847268295028096
2009,mch,0.011211352415441142
2005,mch,0.008962615006265459
2006,mch,0.008580596650070708
2012,mch,0.007892509417058116
2014,mch,0.007846545561376879
2013,mch,0.00819043583107573
1999,mch,0.008004123666433138
2002,mch,0.009746920638009747
2017,mch,0.009249515952521256
2016,mch,0.00963479144601805
2015,mch,0.00864222965299018
1998,mch,0.0073667745493076545
2004,mch,0.009605898345420723
2000,mch,0.008088800070692036
1997,mch,0.006885896169302424
2007,mch,0.00851560086945728
2010,mch,0.009974529774411062
2003,mch,0.009731883217401389
2011,mch,0.008657291779780649
2001,mch,0.008793509354676581
2008,dat,0.0089672075112181
2009,dat,0.0093428467296532
2005,dat,0.01109929964982491
2006,dat,0.010842137370712364
2012,dat,0.007949060750946048
2014,dat,0.009426783902603987
2013,dat,0.00860461243859795
1999,dat,0.007388037365510939
2002,dat,0.010671961283117204
2017,dat,0.011181969312947973
2016,dat,0.010682020142180094
2015,dat,0.009911274765245658
1998,dat,0.006650736758263639
2004,dat,0.011163700547504752
2000,dat,0.00817791961703401
1997,dat,0.006297668337328394
2007,dat,0.01080952461886228
2010,dat,0.009336727758073088
2003,dat,0.011608178211779065
2011,dat,0.009033034183939616
2001,dat,0.011380207978411676
2008,amd,0.02510494645812554
2009,amd,0.029057439958907458
2005,amd,0.022729204872539138
2006,amd,0.023187754561218552
2012,amd,0.02269965167425186
2014,amd,0.021944876400879408
2013,amd,0.022426347688327544
1999,amd,0.02436139828633493
2002,amd,0.023119079592058944
2017,amd,0.02511470465556518
2016,amd,0.023738118649623077
2015,amd,0.022109883252733165
1998,amd,0.024674816200461126
2004,amd,0.023127854782871965
2000,amd,0.022562081423410305
1997,amd,0.024339983551567683
2007,amd,0.024610793615044622
2010,amd,0.02777646975725755
2003,amd,0.02356313255240006
2011,amd,0.024698284871887962
2001,amd,0.022158239213998437
2008,oil,0.04660007195042454
2009,oil,0.0748049730731158
2005,oil,0.05654124014200478
2006,oil,0.06347315510517822
2012,oil,0.05154639175257731
2014,oil,0.05136780944835185
2013,oil,0.04463148272408125
1999,oil,0.06596701649175414
2002,oil,0.06789567551341139
2017,oil,0.07861934135571512
2016,oil,0.10130590515662824
2015,oil,0.08928400726507983
1998,oil,0.0793785027305173
2004,oil,0.05539799584042352
2000,oil,0.04383387596283649
1997,oil,0.05565016871701028
2007,oil,0.06343913414510363
2010,oil,0.05774356438661432
2003,oil,0.05319327053658355
2011,oil,0.04643887952751964
2001,oil,0.04713274014890139
2008,hos,0.015998773797317154
2009,hos,0.01605380371098558
2005,hos,0.016359001293859927
2006,hos,0.01642102066463277
2012,hos,0.013940523065562174
2014,hos,0.013462786750774522
2013,hos,0.014049881850169118
1999,hos,0.008639616399707267
2002,hos,0.015306885343952402
2017,hos,0.013278654334522605
2016,hos,0.013072809581754014
2015,hos,0.01313016796263663
1998,hos,0.008384465871412785
2004,hos,0.016063970381694857
2000,hos,0.008786425881386388
1997,hos,0.00825669399159897
2007,hos,0.016821067971270948
2010,hos,0.01544504224372481
2003,hos,0.01536839524334927
2011,hos,0.014534727568980646
2001,hos,0.015482965257595006
2008,rnt,0.022145065296815026
2009,rnt,0.026453613752592992
2005,rnt,0.022211638734470327
2006,rnt,0.023491263401286835
2012,rnt,0.023661636521552565
2014,rnt,0.022711913127773247
2013,rnt,0.02288501524474569
1999,rnt,0.021322532686169054
2002,rnt,0.022703981481953572
2017,rnt,0.027914650172976736
2016,rnt,0.02682302367481114
2015,rnt,0.025038543597090925
1998,rnt,0.019128027848958087
2004,rnt,0.02237361444228382
2000,rnt,0.022620916279138
1997,rnt,0.019403919302807073
2007,rnt,0.024184706830623008
2010,rnt,0.02453943000986182
2003,rnt,0.022175989630541064
2011,rnt,0.023397301175481566
2001,rnt,0.02090155094998138
2008,pla,0.007050516953975233
2009,pla,0.008764921234959516
2005,pla,0.006559763080359625
2006,pla,0.0063307456529834725
2012,pla,0.00645131454204916
2014,pla,0.006014959394690541
2013,pla,0.006349631614199596
1999,pla,0.006269811265885365
2002,pla,0.0066443647120679
2017,pla,0.007061334727304408
2016,pla,0.00651754657850329
2015,pla,0.006125784490783439
1998,pla,0.006190811854485273
2004,pla,0.006774741223506215
2000,pla,0.006471132027901501
1997,pla,0.005945100808231096
2007,pla,0.007036751253269663
2010,pla,0.007668423790346365
2003,pla,0.006693166373805097
2011,pla,0.007019993019893305
2001,pla,0.00635776559860129
2008,fof,0.018998704633774968
2009,fof,0.021846439567958554
2005,fof,0.015123036705770521
2006,fof,0.016240271655453147
2012,fof,0.02126831798729088
2014,fof,0.018245856102830377
2013,fof,0.021346604697075642
1999,fof,0.011627906976744186
2002,fof,0.013759364011619018
2017,fof,0.021777801735755484
2016,fof,0.02139485305314451
2015,fof,0.0197113029058154
1998,fof,0.01226095928209804
2004,fof,0.014103871912006032
2000,fof,0.013963397417798198
1997,fof,0.013147556440207427
2007,fof,0.01838736039226369
2010,fof,0.020916886397376527
2003,fof,0.013821632802044046
2011,fof,0.01938943894389439
2001,fof,0.01325478645066274
2008,fin,0.007706282479192193
2009,fin,0.009000170192317318
2005,fin,0.007655317894163813
2006,fin,0.007894038111966668
2012,fin,0.006957589399907915
2014,fin,0.004829218149581582
2013,fin,0.0057302666195751676
1999,fin,0.024583791319267585
2002,fin,0.012170016105314754
2017,fin,0.0047622112105026055
2016,fin,0.004642680554039389
2015,fin,0.004315904658854022
1998,fin,0.02610450979492591
2004,fin,0.007307420319342952
2000,fin,0.021886607798216152
1997,fin,0.027517543547180563
2007,fin,0.008028826811733631
2010,fin,0.007781458472888774
2003,fin,0.010077144239801872
2011,fin,0.007195571955719558
2001,fin,0.010317303415212769
2008,tsv,0.006634014156640321
2009,tsv,0.00740270281930803
2005,tsv,0.007182302358095755
2006,tsv,0.0068943419750556924
2012,tsv,0.0067474816397943334
2014,tsv,0.006683043458647232
2013,tsv,0.0068049251876297215
1999,tsv,0.005821973552028646
2002,tsv,0.0069943886825258855
2017,tsv,0.006776611356160629
2016,tsv,0.006717534276782973
2015,tsv,0.006645584195484626
1998,tsv,0.005606435336155477
2004,tsv,0.0071291292277871786
2000,tsv,0.005832497678737233
1997,tsv,0.005474086365916723
2007,tsv,0.0068576408105600626
2010,tsv,0.00737586933727599
2003,tsv,0.007040859645554554
2011,tsv,0.006933540585233117
2001,tsv,0.006613467424573678
2008,nrs,0.014991995375105616
2009,nrs,0.01568523697936352
2005,nrs,0.014795632880919228
2006,nrs,0.01506675064527682
2012,nrs,0.014209961003648047
2014,nrs,0.01388539518035921
2013,nrs,0.014473223826680663
1999,nrs,0.007366447449819645
2002,nrs,0.013562719748165667
2017,nrs,0.014416391049195171
2016,nrs,0.013993889755043894
2015,nrs,0.013849190890348901
1998,nrs,0.007090937820968634
2004,nrs,0.014408059051475243
2000,nrs,0.007439503674989481
1997,nrs,0.0070072930890307285
2007,nrs,0.015414719626168227
2010,nrs,0.01502507615626079
2003,nrs,0.01362850782119632
2011,nrs,0.014457108578284344
2001,nrs,0.013143046797212081
2008,sec,0.009934877687500548
2009,sec,0.009930475193328557
2005,sec,0.00921234333240571
2006,sec,0.007691203452406053
2012,sec,0.008109070347022974
2014,sec,0.0070179027398710545
2013,sec,0.00747713388127007
1999,sec,0.012035974304068522
2002,sec,0.012094009319768825
2017,sec,0.0073179223513218095
2016,sec,0.007430458970792767
2015,sec,0.00710478007628513
1998,sec,0.013452951639206213
2004,sec,0.010093314451381398
2000,sec,0.010434285041106035
1997,sec,0.014410217004347867
2007,sec,0.008020765269726707
2010,sec,0.009758937056399426
2003,sec,0.010665226416444882
2011,sec,0.009324009324009324
2001,sec,0.010953112990007686
2008,art,0.015213926108296642
2009,art,0.016194868119712717
2005,art,0.01646601258648321
2006,art,0.015655123170296326
2012,art,0.014590372076007661
2014,art,0.013993990470789908
2013,art,0.014522634344780667
1999,art,0.012892064685972168
2002,art,0.016322535115077284
2017,art,0.014614315572918379
2016,art,0.01445041015041776
2015,art,0.013959895913056792
1998,art,0.012446131086383224
2004,art,0.01640422645232907
2000,art,0.013016164132324159
1997,art,0.012385521151330136
2007,art,0.015558640631546088
2010,art,0.016012456715238564
2003,art,0.01607313702561922
2011,art,0.015416793428658353
2001,art,0.016680202411444994
2008,mov,0.026708886364697284
2009,mov,0.030991615594496646
2005,mov,0.025832140573133964
2006,mov,0.026755577508849927
2012,mov,0.02838800825945878
2014,mov,0.02419801091752038
2013,mov,0.028085170757535645
1999,mov,0.00716679256977938
2002,mov,0.023846338297186232
2017,mov,0.024606338850630263
2016,mov,0.023982389214761344
2015,mov,0.024044442537857667
1998,mov,0.006936379900191457
2004,mov,0.024558126393118385
2000,mov,0.006573801467680275
1997,mov,0.0070093722089697354
2007,mov,0.027943177003189053
2010,mov,0.02966404855689475
2003,mov,0.02366684778390126
2011,mov,0.028962201063592652
2001,mov,0.022151162790697676
2008,fpd,0.004925148144297743
2009,fpd,0.006452697025709963
2005,fpd,0.004271273314033506
2006,fpd,0.0043179292461566965
2012,fpd,0.005388373898351523
2014,fpd,0.004934759575610677
2013,fpd,0.00532444933593111
1999,fpd,0.003827737679910734
2002,fpd,0.003847221671360012
2017,fpd,0.005011570247933883
2016,fpd,0.004885158295322663
2015,fpd,0.004750464866919121
1998,fpd,0.003669429703375584
2004,fpd,0.004208754208754208
2000,fpd,0.0038224788116045178
1997,fpd,0.0036034051391795564
2007,fpd,0.004496192834119681
2010,fpd,0.006427273997484981
2003,fpd,0.00398284720470507
2011,fpd,0.006228458456532008
2001,fpd,0.0036675653114009283
2008,slg,0.0
2009,slg,0.0
2005,slg,0.0
2006,slg,0.0
2012,slg,0.0
2014,slg,0.0
2013,slg,0.0
1999,slg,0.0
2002,slg,0.0
2017,slg,0.0
2016,slg,0.0
2015,slg,0.0
1998,slg,0.0
2004,slg,0.0
2000,slg,0.0
1997,slg,0.0
2007,slg,0.0
2010,slg,0.0
2003,slg,0.0
2011,slg,0.0
2001,slg,0.0
2008,pri,0.008319265721188351
2009,pri,0.010063793000655814
2005,pri,0.00790573849315207
2006,pri,0.007865481375415151
2012,pri,0.00897163804746286
2014,pri,0.008336573984055998
2013,pri,0.00876233518035506
1999,pri,0.006478169916998448
2002,pri,0.006594688059191346
2017,pri,0.008835676033381942
2016,pri,0.00830584494174043
2015,pri,0.0083235838939261
1998,pri,0.006202871552996898
2004,pri,0.007585295555994879
2000,pri,0.0067339752869644805
1997,pri,0.005986012277433343
2007,pri,0.008041311024346765
2010,pri,0.00956766130478981
2003,pri,0.007036558597729397
2011,pri,0.009159905783826224
2001,pri,0.0059717854773101
2008,grd,0.017767572508192702
2009,grd,0.019359205776173286
2005,grd,0.020929349888846725
2006,grd,0.018111561529526112
2012,grd,0.01700145328581951
2014,grd,0.013166740452883402
2013,grd,0.01606660337398671
1999,grd,0.02777353883717381
2002,grd,0.027295376273173588
2017,grd,0.011278195488721807
2016,grd,0.011720009533022107
2015,grd,0.012624082865774709
1998,grd,0.02522953183094317
2004,grd,0.022999578541754467
2000,grd,0.030099560083352628
1997,grd,0.025545480892642736
2007,grd,0.017931003644331166
2010,grd,0.020093257946072578
2003,grd,0.026834336486099165
2011,grd,0.017733198772475436
2001,grd,0.0276613265458901
2008,pip,0.06409640098708458
2009,pip,0.07828319882611885
2005,pip,0.06469298245614036
2006,pip,0.063690058237991
2012,pip,0.06861478406685544
2014,pip,0.06681044811885935
2013,pip,0.06871609403254973
1999,pip,0.04385528171935939
2002,pip,0.04801519124694818
2017,pip,0.07629451230001721
2016,pip,0.07155598708424593
2015,pip,0.06568991608199203
1998,pip,0.04066221318617485
2004,pip,0.059521223443541736
2000,pip,0.04870367973771623
1997,pip,0.03868703550784476
2007,pip,0.06625943506341919
2010,pip,0.07320362165286072
2003,pip,0.050550729828960334
2011,pip,0.06981337302495993
2001,pip,0.042533457002782556
2008,sle,0.0
2009,sle,0.0
2005,sle,0.0
2006,sle,0.0
2012,sle,0.0
2014,sle,0.0
2013,sle,0.0
1999,sle,0.0
2002,sle,0.0
2017,sle,0.0
2016,sle,0.0
2015,sle,0.0
1998,sle,0.0
2004,sle,0.0
2000,sle,0.0
1997,sle,0.0
2007,sle,0.0
2010,sle,0.0
2003,sle,0.0
2011,sle,0.0
2001,sle,0.0
2008,osv,0.016089721337991244
2009,osv,0.017901547336009665
2005,osv,0.015848122668267614
2006,osv,0.015933431076501827
2012,osv,0.015576753223812046
2014,osv,0.014728330986123556
2013,osv,0.015708230387379014
1999,osv,0.014094178294006124
2002,osv,0.013488802500730559
2017,osv,0.015491072281384409
2016,osv,0.015102605138879222
2015,osv,0.01481622427298386
1998,osv,0.013871160802715974
2004,osv,0.014741784623837859
2000,osv,0.014329155586295718
1997,osv,0.014052914940604204
2007,osv,0.016385894279397382
2010,osv,0.017204317424598072
2003,osv,0.013969974076782925
2011,osv,0.016390646206789136
2001,osv,0.012913690025556675
2008,trn,0.01106602198814252
2009,trn,0.014675573875346458
2005,trn,0.012818816055661646
2006,trn,0.011630258899676378
2012,trn,0.01360467871260584
2014,trn,0.012797482901357848
2013,trn,0.01272069568550416
1999,trn,0.014704391035391945
2002,trn,0.01380452788514633
2017,trn,0.016729715220295392
2016,trn,0.016572841584679327
2015,trn,0.014340205687798752
1998,trn,0.013910036388035821
2004,trn,0.014067695455708074
2000,trn,0.014492753623188406
1997,trn,0.01229602684632528
2007,trn,0.012020087477725578
2010,trn,0.012413652096446775
2003,trn,0.013696695848630331
2011,trn,0.012709946858716594
2001,trn,0.014358670712752571
2008,smn,0.013122855181880574
2009,smn,0.02112547805499909
2005,smn,0.015578647309368733
2006,smn,0.012915472946218523
2012,smn,0.01625543109977279
2014,smn,0.01398108170462411
2013,smn,0.01584757395671508
1999,smn,0.039360465116279074
2002,smn,0.028280496351568624
2017,smn,0.021996138254988085
2016,smn,0.032560052648897664
2015,smn,0.017138630073225667
1998,smn,0.028708338681384504
2004,smn,0.019065939417551376
2000,smn,0.035106696823679805
1997,smn,0.029354473386183466
2007,smn,0.013501292676958432
2010,smn,0.01904750253844365
2003,smn,0.02462526766595289
2011,smn,0.017184218112927804
2001,smn,0.022303664921465967
2008,fmt,0.007076147206325852
2009,fmt,0.0094800138959025
2005,fmt,0.0077700889901671805
2006,fmt,0.007237834480485734
2012,fmt,0.00763776348967688
2014,fmt,0.007616059211864666
2013,fmt,0.007636697458259224
1999,fmt,0.007136419148545989
2002,fmt,0.0077501422417296595
2017,fmt,0.00842794206031065
2016,fmt,0.008671225457813332
2015,fmt,0.007980531387995498
1998,fmt,0.006932641383688969
2004,fmt,0.008247923559216159
2000,fmt,0.007249644972399166
1997,fmt,0.006857048666913917
2007,fmt,0.0073175236514912085
2010,fmt,0.008819126438030194
2003,fmt,0.008145275904277606
2011,fmt,0.007865704482159069
2001,fmt,0.007062971212139258
2008,pet,0.003375549293930558
2009,pet,0.005649143399896724
2005,pet,0.004280054556082354
2006,pet,0.0038648531299906265
2012,pet,0.0033059576837416484
2014,pet,0.004121511551318688
2013,pet,0.0035236284732223433
1999,pet,0.009820732657833202
2002,pet,0.0075281722699867834
2017,pet,0.00676234399915972
2016,pet,0.007942937446120053
2015,pet,0.006442333622988643
1998,pet,0.01143041369304943
2004,pet,0.005631018940420188
2000,pet,0.006960576770309554
1997,pet,0.008724274210999874
2007,pet,0.0038453226788256506
2010,pet,0.004553877955412483
2003,pet,0.006874250035591531
2011,pet,0.0032845468317349432
2001,pet,0.006946738611753479
2008,mvt,0.019046638525687224
2009,mvt,0.024716836244960644
2005,mvt,0.014368230246455059
2006,mvt,0.015150266242437234
2012,mvt,0.016157654369014823
2014,mvt,0.014541120381406439
2013,mvt,0.015628545924928513
1999,mvt,0.0030471515884525286
2002,mvt,0.010888242680589518
2017,mvt,0.013428445192986697
2016,mvt,0.013221266982523298
2015,mvt,0.01355053465696527
1998,mvt,0.003077063788642956
2004,mvt,0.01265437699475892
2000,mvt,0.0031762494328126008
1997,mvt,0.0030038658447393164
2007,mvt,0.015827000349406012
2010,mvt,0.018041742707509766
2003,mvt,0.011507158427446297
2011,mvt,0.018058164156428327
2001,mvt,0.011552945682006766
2008,cep,0.015997995523019573
2009,cep,0.020217836040092807
2005,cep,0.014557294350307438
2006,cep,0.01435567403788564
2012,cep,0.019314536075189036
2014,cep,0.02109369148243537
2013,cep,0.01969303209003179
1999,cep,0.007921097558467203
2002,cep,0.013901530399021608
2017,cep,0.023372798692621308
2016,cep,0.023129203706316732
2015,cep,0.021911415196254946
1998,cep,0.007713211512538814
2004,cep,0.01416617051155476
2000,cep,0.007819067364693484
1997,cep,0.0071102798547133545
2007,cep,0.014940561959654174
2010,cep,0.019422376027238734
2003,cep,0.014179714600360556
2011,cep,0.019097486619022174
2001,cep,0.011212542815166147
2008,wst,0.021010907018316535
2009,wst,0.02357642083293284
2005,wst,0.022390466391264952
2006,wst,0.021689609391377266
2012,wst,0.021239306811775376
2014,wst,0.019517205957883924
2013,wst,0.021049460810892227
1999,wst,0.02435971104908882
2002,wst,0.02241938561343255
2017,wst,0.0194389512955903
2016,wst,0.019772364044749687
2015,wst,0.01994139578368887
1998,wst,0.025915976251213405
2004,wst,0.022584588950568328
2000,wst,0.024673723756041245
1997,wst,0.02848866498740554
2007,wst,0.02168233361165729
2010,wst,0.021322705193672936
2003,wst,0.021697625037917313
2011,wst,0.021416600946372242
2001,wst,0.02111689159355743
2008,mot,0.006542205954492283
2009,mot,0.00838238646659613
2005,mot,0.005073897001805543
2006,mot,0.005153666555486728
2012,mot,0.005510212051392197
2014,mot,0.004962466863784666
2013,mot,0.005156794919050724
1999,mot,0.003428202841307256
2002,mot,0.004723580356449932
2017,mot,0.005004486149278201
2016,mot,0.004825771766017987
2015,mot,0.0047819493249491385
1998,mot,0.0035854326690659077
2004,mot,0.005000926827921579
2000,mot,0.0037300575802989857
1997,mot,0.0034178257048393624
2007,mot,0.005499914063842752
2010,mot,0.0065630643912867204
2003,mot,0.004904300584050166
2011,mot,0.005590548171454207
2001,mot,0.004587015754357774
2008,adm,0.0044655461314471005
2009,adm,0.005129064035860225
2005,adm,0.0049231529353637666
2006,adm,0.00475372793795597
2012,adm,0.004530300954468649
2014,adm,0.00432051840904983
2013,adm,0.004542940492295389
1999,adm,0.0047853145755975095
2002,adm,0.004945466210436271
2017,adm,0.0044213418059261345
2016,adm,0.004376720804511929
2015,adm,0.004307176301435061
1998,adm,0.004625090400793527
2004,adm,0.00500977098189797
2000,adm,0.004824367337034869
1997,adm,0.004660833009664373
2007,adm,0.004648530729198723
2010,adm,0.005052410865671438
2003,adm,0.0048173349946963005
2011,adm,0.004731615884504319
2001,adm,0.0046149963344430155
2008,soc,0.005956000221104417
2009,soc,0.006020154430048424
2005,soc,0.006485641391277457
2006,soc,0.006400477816250596
2012,soc,0.005605560526424944
2014,soc,0.005549042594763579
2013,soc,0.005821155042771823
1999,soc,0.00736154578854266
2002,soc,0.006121552257884119
2017,soc,0.005574439807045977
2016,soc,0.005628326351078974
2015,soc,0.0056071556964945885
1998,soc,0.007629196815113075
2004,soc,0.006363793842254498
2000,soc,0.00688281108494838
1997,soc,0.007401007449912785
2007,soc,0.006429904300841582
2010,soc,0.005798300647137283
2003,soc,0.005924863671528577
2011,soc,0.005686468525915883
2001,soc,0.006110176123146848
2008,alt,0.01142835731414868
2009,alt,0.012582482888642974
2005,alt,0.007568050420585097
2006,alt,0.007756882957821948
2012,alt,0.014411780063704244
2014,alt,0.014179927524814874
2013,alt,0.013937282229965159
1999,alt,0.0038706619621886353
2002,alt,0.005484999803405026
2017,alt,0.014610048349800293
2016,alt,0.014839061647572285
2015,alt,0.014426686688834067
1998,alt,0.0035940723117224974
2004,alt,0.007425553088876979
2000,alt,0.004049819417888251
1997,alt,0.0030748755134353705
2007,alt,0.010388739946380699
2010,alt,0.012680536451169188
2003,alt,0.00614576142866686
2011,alt,0.011481287515610523
2001,alt,0.004645701449867265
2008,pmt,0.007872292329717723
2009,pmt,0.014184226369656832
2005,pmt,0.009502495955856814
2006,pmt,0.008416180786285893
2012,pmt,0.008450199782869039
2014,pmt,0.008605708932106318
2013,pmt,0.008681137770189933
1999,pmt,0.012619490601141977
2002,pmt,0.012850652628542585
2017,pmt,0.01093555783909428
2016,pmt,0.011474200153445436
2015,pmt,0.01013892942102424
1998,pmt,0.011784562524488382
2004,pmt,0.010271172206506364
2000,pmt,0.012941601507057884
1997,pmt,0.011392011851993454
2007,pmt,0.008187175777252356
2010,pmt,0.009869908296011943
2003,pmt,0.013037895259079833
2011,pmt,0.008170622880599679
2001,pmt,0.012582912801075388
2008,trk,0.010706328103758163
2009,trk,0.013651995391585313
2005,trk,0.010972670068559622
2006,trk,0.011152075086477236
2012,trk,0.011825102859891877
2014,trk,0.010574875585282272
2013,trk,0.01168296633285211
1999,trk,0.009973138868811963
2002,trk,0.009800198272758211
2017,trk,0.0118165332338175
2016,trk,0.011807006610701762
2015,trk,0.011186624165513923
1998,trk,0.01035532761171263
2004,trk,0.010176296643166226
2000,trk,0.009741029924645815
1997,trk,0.010891481018764767
2007,trk,0.010920134401654175
2010,trk,0.012906463987380348
2003,trk,0.009841726618705035
2011,trk,0.012128060805850261
2001,trk,0.009308216561790072
2008,fdd,0.0
2009,fdd,0.0
2005,fdd,0.0
2006,fdd,0.0
2012,fdd,0.0
2014,fdd,0.0
2013,fdd,0.0
1999,fdd,0.0
2002,fdd,0.0
2017,fdd,0.0
2016,fdd,0.0
2015,fdd,0.0
1998,fdd,0.0
2004,fdd,0.0
2000,fdd,0.0
1997,fdd,0.0
2007,fdd,0.0
2010,fdd,0.0
2003,fdd,0.0
2011,fdd,0.0
2001,fdd,0.0
2008,gmt,0.017047404063205415
2009,gmt,0.01703487131579099
2005,gmt,0.01664441180397917
2006,gmt,0.01724182938289652
2012,gmt,0.016477588889267425
2014,gmt,0.016011480537908348
2013,gmt,0.016392355025791006
1999,gmt,0.0048011358329130005
2002,gmt,0.016680735816538287
2017,gmt,0.017585472735540945
2016,gmt,0.016860243368495845
2015,gmt,0.016059990626464613
1998,gmt,0.0046814696005212765
2004,gmt,0.015828781629695688
2000,gmt,0.004845295345249977
1997,gmt,0.004886891258719019
2007,gmt,0.016873560704108108
2010,gmt,0.016091304155026385
2003,gmt,0.01554739797020082
2011,gmt,0.016247223237634622
2001,gmt,0.015541446838951981
2008,wtt,0.011125802795617678
2009,wtt,0.01451847806298926
2005,wtt,0.014132617141665147
2006,wtt,0.013054525957526169
2012,wtt,0.012848603458912122
2014,wtt,0.013980093338289349
2013,wtt,0.014141368063316834
1999,wtt,0.025474738845093395
2002,wtt,0.019340375408465692
2017,wtt,0.01776428006822815
2016,wtt,0.016868706304919504
2015,wtt,0.01542706634892763
1998,wtt,0.025646211722826745
2004,wtt,0.014556646148727335
2000,wtt,0.024968834787709903
1997,wtt,0.024540125328481908
2007,wtt,0.012148284211405192
2010,wtt,0.013784571883007864
2003,wtt,0.01699268919185932
2011,wtt,0.013259497859947933
2001,wtt,0.018197253801860325
2008,wpd,0.006967231536836428
2009,wpd,0.009633647870416802
2005,wpd,0.004901447758590615
2006,wpd,0.005158244448330127
2012,wpd,0.007228676643810987
2014,wpd,0.005951586918822405
2013,wpd,0.006655390092092026
1999,wpd,0.005196157497677552
2002,wpd,0.005198902453926393
2017,wpd,0.005930417618763948
2016,wpd,0.00596142162818955
2015,wpd,0.005971333630908098
1998,wpd,0.0053441525155689335
2004,wpd,0.00488035115872941
2000,wpd,0.005553799135841501
1997,wpd,0.0052891555395164205
2007,wpd,0.006001143998371255
2010,wpd,0.0085517702442965
2003,wpd,0.00514555655247711
2011,wpd,0.008109888300354034
2001,wpd,0.005051539354222131
2008,wht,0.008696860978081507
2009,wht,0.010479651307101935
2005,wht,0.00978462517745495
2006,wht,0.009319227755356018
2012,wht,0.007397714716972937
2014,wht,0.006811048568631947
2013,wht,0.007258393631010604
1999,wht,0.01099203469548072
2002,wht,0.009551754930381521
2017,wht,0.007477805804935247
2016,wht,0.007439079415457054
2015,wht,0.00696829144573345
1998,wht,0.011316002987743809
2004,wht,0.00936608382473901
2000,wht,0.010929150558883055
1997,wht,0.010996463385262839
2007,wht,0.009035109167468917
2010,wht,0.008807164449869027
2003,wht,0.009360847140949587
2011,wht,0.007909226349540773
2001,wht,0.0094792478751765
2008,wrh,0.0073016451478550605
2009,wrh,0.007651664650837099
2005,wrh,0.008434052486915923
2006,wrh,0.007926819343392417
2012,wrh,0.005376393496861472
2014,wrh,0.005631716726370901
2013,wrh,0.005337494569409595
1999,wrh,0.011205203335801913
2002,wrh,0.008926770223925762
2017,wrh,0.0060703863178771
2016,wrh,0.005860997081365826
2015,wrh,0.005692615435905985
1998,wrh,0.011609203440800055
2004,wrh,0.008420119654331929
2000,wrh,0.010953551022824831
1997,wrh,0.011897069443916528
2007,wrh,0.007669445451250454
2010,wrh,0.0067759414486261455
2003,wrh,0.008205060155697098
2011,wrh,0.005997662449506859
2001,wrh,0.008898316758037412
2008,ott,0.016339863996183486
2009,ott,0.017926175545394638
2005,ott,0.01477981148490421
2006,ott,0.014788244918507332
2012,ott,0.01532872992428227
2014,ott,0.01399707004336916
2013,ott,0.01461968102011657
1999,ott,0.003991886259091985
2002,ott,0.013927778364137939
2017,ott,0.013620209199951537
2016,ott,0.01354190822720365
2015,ott,0.013532839863858597
1998,ott,0.003822336057043652
2004,ott,0.014335875155169356
2000,ott,0.003832772021835446
1997,ott,0.003893154536606466
2007,ott,0.015181331720540694
2010,ott,0.016935970105112493
2003,ott,0.013830542028105734
2011,ott,0.016180437151263383
2001,ott,0.013351893288928206
2008,che,0.013013640853444497
2009,che,0.017342242162873004
2005,che,0.012811310922552038
2006,che,0.012472600600891939
2012,che,0.0143317366953521
2014,che,0.014256409635783828
2013,che,0.014195417657750042
1999,che,0.00877017489171044
2002,che,0.013467949126271313
2017,che,0.01793392697457083
2016,che,0.017086858628863607
2015,che,0.01580827871097199
1998,che,0.008589236309496996
2004,che,0.013450024717578777
2000,che,0.008665404429571574
1997,che,0.008216885495890358
2007,che,0.012588618877709382
2010,che,0.015407740925107672
2003,che,0.01380026468492314
2011,che,0.014249369746820496
2001,che,0.013044228472317147
2008,air,0.019538469328337426
2009,air,0.024195602979303725
2005,air,0.022136179927806747
2006,air,0.020512163527921314
2012,air,0.016801873103812162
2014,air,0.015967332273318605
2013,air,0.016971751534421237
1999,air,0.023792119807452307
2002,air,0.026847295507993914
2017,air,0.018428298030750474
2016,air,0.018112528226804016
2015,air,0.016772610799544688
1998,air,0.02242165029322775
2004,air,0.023561493502714477
2000,air,0.024473529860759596
1997,air,0.019631343255848522
2007,air,0.020388922425779846
2010,air,0.020785845011331124
2003,air,0.024122268598084945
2011,air,0.01695906755481482
2001,air,0.023027811789400037
2008,mmf,0.008715869728138037
2009,mmf,0.009834859181280714
2005,mmf,0.009036570820164829
2006,mmf,0.008831252001280819
2012,mmf,0.010178231572449977
2014,mmf,0.008807293927929043
2013,mmf,0.009731363775961847
1999,mmf,0.006858555351500962
2002,mmf,0.008954871229424274
2017,mmf,0.009234534935469513
2016,mmf,0.00900081390338488
2015,mmf,0.008768046956954103
1998,mmf,0.006495964758315696
2004,mmf,0.009455028865471221
2000,mmf,0.0063390827339525
1997,mmf,0.0064631015656072596
2007,mmf,0.009296449246667044
2010,mmf,0.009822345836778672
2003,mmf,0.009121193495268664
2011,mmf,0.009619188921859544
2001,mmf,0.008753048011435297
2008,otr,0.010885907102404394
2009,otr,0.013122661877500212
2005,otr,0.01228980994663201
2006,otr,0.01155881840519546
2012,otr,0.01048223664052379
2014,otr,0.009246792714123599
2013,otr,0.009898338603520553
1999,otr,0.01715234931181775
2002,otr,0.013815583978728004
2017,otr,0.009520813040367556
2016,otr,0.00959291987593577
2015,otr,0.009459676863321918
1998,otr,0.018463958060288336
2004,otr,0.01286639882299683
2000,otr,0.016072539478281623
1997,otr,0.019850825160039935
2007,otr,0.011051061194618027
2010,otr,0.012048925941702671
2003,otr,0.013434678601743962
2011,otr,0.011012423407723874
2001,otr,0.01380677126341866
2008,min,0.016993336985913998
2009,min,0.019962588414099487
2005,min,0.01900031728211261
2006,min,0.017155118062193657
2012,min,0.019072646288353947
2014,min,0.02204937793654425
2013,min,0.02215738700003613
1999,min,0.030559054355198137
2002,min,0.025645864392066578
2017,min,0.028642689679253753
2016,min,0.030976930161511335
2015,min,0.026236955917946277
1998,min,0.02873563218390805
2004,min,0.022191994375582693
2000,min,0.030521997666629035
1997,min,0.027529476281875513
2007,min,0.018337360284440257
2010,min,0.018847117794486216
2003,min,0.0243310751316286
2011,min,0.017179777756791637
2001,min,0.02485473289597001
